"","params","iteration","train_loss","val_accuracy","val_loss","val_f1","val_precision","val_recall"
"1","{'dropout': 0.2036728603757923, 'hidden_units': 256, 'learning_rate': 0.004556297964856103, 'optimizer': 'RMSprop', 'use_batch_norm': False}",19,2.4543,0.0555,2.4413,0.0058,0.0031,0.0555
"2","{'dropout': 0.26219316579158986, 'hidden_units': 256, 'learning_rate': 0.006265023538715464, 'optimizer': 'RMSprop', 'use_batch_norm': False}",0,2.4575,0.0327,2.4475,0.0021,0.0011,0.0327
"3","{'dropout': 0.4597604258316745, 'hidden_units': 128, 'learning_rate': 0.007319879590893679, 'optimizer': 'Adam', 'use_batch_norm': False}",24,1.8677,0.68,1.8897,0.6862,0.7167,0.68
"4","{'dropout': 0.056822853598098744, 'hidden_units': 64, 'learning_rate': 0.0022026798397664533, 'optimizer': 'RMSprop', 'use_batch_norm': True}",21,1.584,0.8419,1.7116,0.8439,0.853,0.8419
"5","{'dropout': 0.292615308624394, 'hidden_units': 128, 'learning_rate': 0.006122331789665471, 'optimizer': 'RMSprop', 'use_batch_norm': False}",21,2.2135,0.3816,2.2348,0.2493,0.1958,0.3816
"6","{'dropout': 0.04451221844495601, 'hidden_units': 256, 'learning_rate': 0.0023905313991459736, 'optimizer': 'RMSprop', 'use_batch_norm': True}",18,1.5783,0.8547,1.7081,0.8561,0.86,0.8547
"7","{'dropout': 0.2774761835867118, 'hidden_units': 64, 'learning_rate': 0.004734774985323305, 'optimizer': 'Adam', 'use_batch_norm': False}",20,1.6911,0.8087,1.7318,0.8123,0.8285,0.8087
"8","{'dropout': 0.3482275462708033, 'hidden_units': 512, 'learning_rate': 0.0011011506305737408, 'optimizer': 'RMSprop', 'use_batch_norm': False}",0,2.453,0.0477,2.4479,0.0043,0.0023,0.0477
"9","{'dropout': 0.237523586601192, 'hidden_units': 128, 'learning_rate': 0.006481587272989344, 'optimizer': 'Adam', 'use_batch_norm': False}",20,1.9849,0.4853,1.9907,0.3731,0.3187,0.4853
"10","{'dropout': 0.2763522777345044, 'hidden_units': 64, 'learning_rate': 0.0024941259884592153, 'optimizer': 'Adam', 'use_batch_norm': True}",24,1.6092,0.8547,1.7147,0.8551,0.8568,0.8547
"11","{'dropout': 0.20766573835147462, 'hidden_units': 256, 'learning_rate': 0.006751329935757798, 'optimizer': 'RMSprop', 'use_batch_norm': False}",0,2.4468,0.1758,2.4649,0.0526,0.0309,0.1758
"12","{'dropout': 0.4362428715945706, 'hidden_units': 256, 'learning_rate': 0.004584936299466612, 'optimizer': 'RMSprop', 'use_batch_norm': False}",0,2.4467,0.0993,2.4636,0.0179,0.0099,0.0993
"13","{'dropout': 0.14156611623796655, 'hidden_units': 64, 'learning_rate': 0.0017946375995047212, 'optimizer': 'RMSprop', 'use_batch_norm': False}",21,2.4535,0.0721,2.4483,0.0097,0.0052,0.0721
"14","{'dropout': 0.14919202839293844, 'hidden_units': 64, 'learning_rate': 0.01793634284780744, 'optimizer': 'RMSprop', 'use_batch_norm': True}",24,1.6046,0.8403,1.7172,0.8411,0.8454,0.8403
"15","{'dropout': 0.4501539209347366, 'hidden_units': 64, 'learning_rate': 0.005592967094508536, 'optimizer': 'RMSprop', 'use_batch_norm': False}",22,1.9508,0.5923,1.9566,0.5596,0.574,0.5923
"16","{'dropout': 0.07279518837977816, 'hidden_units': 512, 'learning_rate': 0.0012827877857328129, 'optimizer': 'Adam', 'use_batch_norm': False}",20,1.6136,0.8602,1.6928,0.8621,0.868,0.8602
"17","{'dropout': 0.026023813367495208, 'hidden_units': 64, 'learning_rate': 0.010584946334843203, 'optimizer': 'Adam', 'use_batch_norm': False}",22,1.8339,0.7499,1.8613,0.7076,0.6771,0.7499
"18","{'dropout': 0.3504539926878342, 'hidden_units': 128, 'learning_rate': 0.01954294611343119, 'optimizer': 'RMSprop', 'use_batch_norm': False}",0,2.4518,0.0555,2.4476,0.0165,0.0129,0.0555
"19","{'dropout': 0.43879752408496503, 'hidden_units': 256, 'learning_rate': 0.011232622520444125, 'optimizer': 'Adam', 'use_batch_norm': False}",0,2.4539,0.0943,2.4553,0.0162,0.0089,0.0943
"20","{'dropout': 0.012873283101246913, 'hidden_units': 256, 'learning_rate': 0.005314572077539792, 'optimizer': 'RMSprop', 'use_batch_norm': False}",0,2.447,0.1498,2.452,0.039,0.0224,0.1498
"21","{'dropout': 0.07672822109736882, 'hidden_units': 512, 'learning_rate': 0.0011082101102141393, 'optimizer': 'Adam', 'use_batch_norm': True}",23,1.5655,0.8558,1.6927,0.8591,0.8688,0.8558
"22","{'dropout': 0.11074406098416963, 'hidden_units': 512, 'learning_rate': 0.0010427655316215642, 'optimizer': 'Adam', 'use_batch_norm': True}",17,1.5727,0.863,1.6979,0.8656,0.8734,0.863
"23","{'dropout': 0.0952446902196982, 'hidden_units': 512, 'learning_rate': 0.0016964869311140189, 'optimizer': 'Adam', 'use_batch_norm': True}",19,1.5697,0.8669,1.6971,0.867,0.8684,0.8669
"24","{'dropout': 0.0012481442944128757, 'hidden_units': 512, 'learning_rate': 0.003280555335583616, 'optimizer': 'Adam', 'use_batch_norm': True}",14,1.5829,0.8536,1.6967,0.8538,0.8596,0.8536
"25","{'dropout': 0.08809372647280862, 'hidden_units': 512, 'learning_rate': 0.001341832802335556, 'optimizer': 'Adam', 'use_batch_norm': True}",22,1.5653,0.8658,1.6887,0.8663,0.8725,0.8658
"26","{'dropout': 0.16265766553968575, 'hidden_units': 512, 'learning_rate': 0.0013756290366996674, 'optimizer': 'Adam', 'use_batch_norm': True}",8,1.5943,0.8647,1.6939,0.8664,0.8715,0.8647
"27","{'dropout': 0.11788130185071075, 'hidden_units': 512, 'learning_rate': 0.0032000086559832498, 'optimizer': 'Adam', 'use_batch_norm': True}",13,1.5838,0.853,1.7035,0.8541,0.8592,0.853
"28","{'dropout': 0.1831703132085977, 'hidden_units': 512, 'learning_rate': 0.0015364450161341758, 'optimizer': 'Adam', 'use_batch_norm': True}",22,1.568,0.8752,1.6978,0.8751,0.878,0.8752
"29","{'dropout': 0.07562662920781162, 'hidden_units': 512, 'learning_rate': 0.003616743418395238, 'optimizer': 'Adam', 'use_batch_norm': True}",14,1.5787,0.8586,1.7003,0.86,0.8684,0.8586
"30","{'dropout': 0.19885463195669562, 'hidden_units': 512, 'learning_rate': 0.0010286936564397053, 'optimizer': 'Adam', 'use_batch_norm': True}",18,1.5752,0.8713,1.7013,0.8725,0.8788,0.8713
"31","{'dropout': 0.32399055501493057, 'hidden_units': 512, 'learning_rate': 0.002041560606625261, 'optimizer': 'Adam', 'use_batch_norm': True}",20,1.5786,0.8552,1.6946,0.8572,0.8657,0.8552
"32","{'dropout': 0.004937207974420807, 'hidden_units': 512, 'learning_rate': 0.001301397819346281, 'optimizer': 'Adam', 'use_batch_norm': True}",17,1.567,0.8763,1.6871,0.8768,0.8796,0.8763
"33","{'dropout': 0.4982798415100905, 'hidden_units': 512, 'learning_rate': 0.001333543135106298, 'optimizer': 'Adam', 'use_batch_norm': True}",15,1.5989,0.8636,1.7023,0.8639,0.8665,0.8636
"34","{'dropout': 0.03846705514546886, 'hidden_units': 128, 'learning_rate': 0.003773969421464202, 'optimizer': 'Adam', 'use_batch_norm': True}",24,1.5746,0.8608,1.701,0.8621,0.8685,0.8608
"35","{'dropout': 0.007130749064061248, 'hidden_units': 512, 'learning_rate': 0.0028495056359126893, 'optimizer': 'Adam', 'use_batch_norm': True}",23,1.5684,0.863,1.6927,0.8644,0.8696,0.863
"36","{'dropout': 0.12800552070509308, 'hidden_units': 128, 'learning_rate': 0.0019632740892766426, 'optimizer': 'Adam', 'use_batch_norm': True}",23,1.5793,0.8569,1.7059,0.8591,0.8676,0.8569
"37","{'dropout': 0.21984230271350286, 'hidden_units': 512, 'learning_rate': 0.009735166569727356, 'optimizer': 'Adam', 'use_batch_norm': True}",20,1.5986,0.8575,1.7065,0.8585,0.8613,0.8575
"38","{'dropout': 0.17692185001045396, 'hidden_units': 512, 'learning_rate': 0.0026259227801594667, 'optimizer': 'Adam', 'use_batch_norm': True}",14,1.581,0.868,1.7064,0.8683,0.8713,0.868
"39","{'dropout': 0.04621601842280025, 'hidden_units': 128, 'learning_rate': 0.00862976524993933, 'optimizer': 'Adam', 'use_batch_norm': True}",19,1.5842,0.8564,1.7106,0.8571,0.8608,0.8564
"40","{'dropout': 0.2458143760833128, 'hidden_units': 256, 'learning_rate': 0.0012348903155082983, 'optimizer': 'Adam', 'use_batch_norm': True}",24,1.5754,0.8613,1.6991,0.8631,0.8681,0.8613
"41","{'dropout': 0.3079778611075048, 'hidden_units': 512, 'learning_rate': 0.015754901403330388, 'optimizer': 'Adam', 'use_batch_norm': True}",24,1.618,0.8552,1.6957,0.857,0.8653,0.8552
"42","{'dropout': 0.09698898649117206, 'hidden_units': 512, 'learning_rate': 0.002381529489412263, 'optimizer': 'Adam', 'use_batch_norm': True}",23,1.5666,0.8652,1.6936,0.8668,0.8739,0.8652
"43","{'dropout': 0.359621249820562, 'hidden_units': 256, 'learning_rate': 0.0014662314758716996, 'optimizer': 'Adam', 'use_batch_norm': True}",9,1.6196,0.8608,1.6991,0.8633,0.8706,0.8608
"44","{'dropout': 0.06590560227258449, 'hidden_units': 64, 'learning_rate': 0.001676936326119091, 'optimizer': 'RMSprop', 'use_batch_norm': True}",18,1.5913,0.8364,1.7172,0.8395,0.8514,0.8364
"45","{'dropout': 0.3809356651481525, 'hidden_units': 128, 'learning_rate': 0.0041139687231349096, 'optimizer': 'Adam', 'use_batch_norm': True}",17,1.6165,0.8436,1.7225,0.8447,0.8487,0.8436
"46","{'dropout': 0.26778476427281755, 'hidden_units': 512, 'learning_rate': 0.002173403136273429, 'optimizer': 'RMSprop', 'use_batch_norm': True}",20,1.5799,0.8625,1.7088,0.8608,0.8661,0.8625
"47","{'dropout': 0.40431731795106945, 'hidden_units': 64, 'learning_rate': 0.013947993787737738, 'optimizer': 'Adam', 'use_batch_norm': True}",24,1.6446,0.8308,1.724,0.8333,0.8403,0.8308
"48","{'dropout': 0.02614042419704186, 'hidden_units': 512, 'learning_rate': 0.0018469439515337992, 'optimizer': 'RMSprop', 'use_batch_norm': True}",20,1.5744,0.8647,1.6888,0.8659,0.8693,0.8647
"49","{'dropout': 0.14215201279192008, 'hidden_units': 256, 'learning_rate': 0.0012171515840382566, 'optimizer': 'Adam', 'use_batch_norm': False}",16,1.6322,0.863,1.6999,0.8621,0.8631,0.863
"50","{'dropout': 0.0937189577995284, 'hidden_units': 128, 'learning_rate': 0.007570425088988688, 'optimizer': 'Adam', 'use_batch_norm': True}",22,1.5823,0.8541,1.7082,0.8549,0.8627,0.8541
"51","{'dropout': 0.2260544181161119, 'hidden_units': 64, 'learning_rate': 0.0027892912623618004, 'optimizer': 'RMSprop', 'use_batch_norm': False}",21,1.7848,0.6733,1.8079,0.6191,0.5829,0.6733
"52","{'dropout': 0.02336414285656801, 'hidden_units': 512, 'learning_rate': 0.0016128771238444258, 'optimizer': 'Adam', 'use_batch_norm': True}",20,1.5682,0.8686,1.6985,0.8673,0.8706,0.8686
"53","{'dropout': 0.050460596502067655, 'hidden_units': 256, 'learning_rate': 0.0011167788901758902, 'optimizer': 'Adam', 'use_batch_norm': False}",19,1.6229,0.8569,1.6963,0.8592,0.8673,0.8569
"54","{'dropout': 0.17140442910416706, 'hidden_units': 512, 'learning_rate': 0.0030667894169201355, 'optimizer': 'RMSprop', 'use_batch_norm': True}",23,1.5749,0.868,1.6939,0.868,0.8704,0.868
"55","{'dropout': 0.20273480556556212, 'hidden_units': 64, 'learning_rate': 0.005659429883272417, 'optimizer': 'Adam', 'use_batch_norm': True}",16,1.6076,0.8497,1.7192,0.8507,0.8601,0.8497
"56","{'dropout': 0.15211461864241926, 'hidden_units': 512, 'learning_rate': 0.002360447993253648, 'optimizer': 'Adam', 'use_batch_norm': False}",23,1.8038,0.7238,1.84,0.6657,0.628,0.7238
"57","{'dropout': 0.49275199000619097, 'hidden_units': 128, 'learning_rate': 0.001010400337840831, 'optimizer': 'RMSprop', 'use_batch_norm': True}",20,1.6262,0.838,1.7194,0.8396,0.8491,0.838
"58","{'dropout': 0.0037954955988502128, 'hidden_units': 512, 'learning_rate': 0.005109429137381902, 'optimizer': 'Adam', 'use_batch_norm': True}",15,1.5857,0.8669,1.6911,0.868,0.8706,0.8669
"59","{'dropout': 0.29393450016233497, 'hidden_units': 256, 'learning_rate': 0.0014149237854345822, 'optimizer': 'Adam', 'use_batch_norm': False}",23,1.635,0.8502,1.701,0.852,0.8586,0.8502
"60","{'dropout': 0.13234203884965945, 'hidden_units': 512, 'learning_rate': 0.0011499774342020467, 'optimizer': 'Adam', 'use_batch_norm': True}",21,1.5684,0.8647,1.6953,0.8669,0.8736,0.8647
"61","{'dropout': 0.08936007676772477, 'hidden_units': 64, 'learning_rate': 0.004339953820183022, 'optimizer': 'RMSprop', 'use_batch_norm': True}",17,1.5929,0.8525,1.7131,0.851,0.853,0.8525
"62","{'dropout': 0.05569908897585029, 'hidden_units': 512, 'learning_rate': 0.002087874989986715, 'optimizer': 'Adam', 'use_batch_norm': False}",22,1.7317,0.827,1.7732,0.8034,0.7838,0.827
"63","{'dropout': 0.10816697512295184, 'hidden_units': 512, 'learning_rate': 0.001841698218368889, 'optimizer': 'Adam', 'use_batch_norm': True}",23,1.5674,0.8713,1.6997,0.8701,0.8745,0.8713
"64","{'dropout': 0.030258742832510097, 'hidden_units': 128, 'learning_rate': 0.003415430545769545, 'optimizer': 'Adam', 'use_batch_norm': True}",23,1.5758,0.8425,1.7067,0.8451,0.8564,0.8425
"65","{'dropout': 0.2598344967841137, 'hidden_units': 512, 'learning_rate': 0.003889790948189403, 'optimizer': 'RMSprop', 'use_batch_norm': True}",21,1.5819,0.8508,1.7148,0.8501,0.8557,0.8508
"66","{'dropout': 0.019337696221244583, 'hidden_units': 512, 'learning_rate': 0.0015084951917083136, 'optimizer': 'RMSprop', 'use_batch_norm': True}",19,1.5703,0.8658,1.6934,0.8666,0.8725,0.8658
"67","{'dropout': 0.03476365740158891, 'hidden_units': 512, 'learning_rate': 0.0018630233212756863, 'optimizer': 'RMSprop', 'use_batch_norm': True}",21,1.5734,0.858,1.7022,0.8585,0.8688,0.858
"68","{'dropout': 0.004022626881139663, 'hidden_units': 512, 'learning_rate': 0.0013136807067871757, 'optimizer': 'RMSprop', 'use_batch_norm': True}",22,1.5709,0.8608,1.7111,0.8626,0.869,0.8608
"69","{'dropout': 0.07302189074200655, 'hidden_units': 512, 'learning_rate': 0.0017660668079711535, 'optimizer': 'RMSprop', 'use_batch_norm': True}",12,1.5842,0.8686,1.7014,0.8669,0.8708,0.8686
"70","{'dropout': 0.12493172052246296, 'hidden_units': 512, 'learning_rate': 0.001003964131627343, 'optimizer': 'RMSprop', 'use_batch_norm': True}",21,1.5717,0.8519,1.701,0.8524,0.8624,0.8519
"71","{'dropout': 0.06111097676271303, 'hidden_units': 512, 'learning_rate': 0.002228101039601007, 'optimizer': 'RMSprop', 'use_batch_norm': True}",10,1.5918,0.8647,1.6892,0.8655,0.8729,0.8647
"72","{'dropout': 0.01827771156499957, 'hidden_units': 512, 'learning_rate': 0.002537561399459916, 'optimizer': 'RMSprop', 'use_batch_norm': True}",22,1.5759,0.8552,1.7125,0.8557,0.863,0.8552
"73","{'dropout': 0.1597619192936257, 'hidden_units': 512, 'learning_rate': 0.001222628237528662, 'optimizer': 'RMSprop', 'use_batch_norm': True}",18,1.5766,0.8597,1.707,0.86,0.8663,0.8597
"74","{'dropout': 0.08184456383773092, 'hidden_units': 512, 'learning_rate': 0.0016200293978936913, 'optimizer': 'RMSprop', 'use_batch_norm': True}",19,1.5779,0.8591,1.7025,0.8603,0.8662,0.8591
"75","{'dropout': 0.1069461979391646, 'hidden_units': 256, 'learning_rate': 0.0019525002924340033, 'optimizer': 'RMSprop', 'use_batch_norm': True}",16,1.5791,0.8691,1.6957,0.8682,0.8709,0.8691
"76","{'dropout': 0.18412451225514503, 'hidden_units': 512, 'learning_rate': 0.0030041448833849223, 'optimizer': 'Adam', 'use_batch_norm': True}",23,1.5725,0.8597,1.6971,0.8614,0.8695,0.8597
"77","{'dropout': 0.04051481095487142, 'hidden_units': 64, 'learning_rate': 0.0015240502418904566, 'optimizer': 'RMSprop', 'use_batch_norm': True}",21,1.5839,0.8558,1.7122,0.8578,0.8634,0.8558
"78","{'dropout': 0.00030648383769726114, 'hidden_units': 512, 'learning_rate': 0.0014059957121902499, 'optimizer': 'Adam', 'use_batch_norm': True}",24,1.5642,0.8724,1.6933,0.873,0.8743,0.8724
"79","{'dropout': 0.13797730739456182, 'hidden_units': 128, 'learning_rate': 0.0027120328109302653, 'optimizer': 'Adam', 'use_batch_norm': False}",23,1.6325,0.8586,1.6952,0.8596,0.8648,0.8586
"80","{'dropout': 0.11672896731101629, 'hidden_units': 512, 'learning_rate': 0.0010924440522753465, 'optimizer': 'RMSprop', 'use_batch_norm': True}",14,1.5777,0.8647,1.6945,0.8655,0.8692,0.8647
"81","{'dropout': 0.19499065168739438, 'hidden_units': 512, 'learning_rate': 0.00485159451906245, 'optimizer': 'Adam', 'use_batch_norm': True}",14,1.5903,0.8486,1.7031,0.8506,0.8618,0.8486
"82","{'dropout': 0.22622558772588713, 'hidden_units': 256, 'learning_rate': 0.0034358585974616188, 'optimizer': 'Adam', 'use_batch_norm': True}",14,1.5921,0.8536,1.7057,0.8539,0.8596,0.8536
"83","{'dropout': 0.06530348690584441, 'hidden_units': 64, 'learning_rate': 0.002264565212898176, 'optimizer': 'Adam', 'use_batch_norm': False}",23,1.6191,0.8591,1.7024,0.8596,0.8629,0.8591
"84","{'dropout': 0.04910101274409048, 'hidden_units': 512, 'learning_rate': 0.0011583652208067773, 'optimizer': 'RMSprop', 'use_batch_norm': True}",23,1.568,0.8652,1.6967,0.8675,0.8747,0.8652
"85","{'dropout': 0.07925915511894116, 'hidden_units': 128, 'learning_rate': 0.0012831225887111654, 'optimizer': 'Adam', 'use_batch_norm': True}",16,1.5884,0.873,1.7017,0.8729,0.8748,0.873
"86","{'dropout': 0.011179455902271526, 'hidden_units': 512, 'learning_rate': 0.006233449341560844, 'optimizer': 'Adam', 'use_batch_norm': True}",19,1.5839,0.8658,1.6987,0.866,0.87,0.8658
"87","{'dropout': 0.4261114689298915, 'hidden_units': 256, 'learning_rate': 0.007334174836914426, 'optimizer': 'RMSprop', 'use_batch_norm': True}",17,1.6167,0.8447,1.7097,0.8433,0.849,0.8447
"88","{'dropout': 0.2419946482821856, 'hidden_units': 512, 'learning_rate': 0.0010544150052269712, 'optimizer': 'Adam', 'use_batch_norm': False}",22,1.6215,0.8575,1.6923,0.8597,0.866,0.8575
"89","{'dropout': 0.10114987533979389, 'hidden_units': 512, 'learning_rate': 0.0020078278499877, 'optimizer': 'Adam', 'use_batch_norm': True}",22,1.5704,0.8719,1.6919,0.8739,0.8788,0.8719
"90","{'dropout': 0.026610215026310696, 'hidden_units': 64, 'learning_rate': 0.012279366733912176, 'optimizer': 'RMSprop', 'use_batch_norm': True}",8,1.6122,0.8519,1.7088,0.8521,0.8557,0.8519
"91","{'dropout': 0.14703020028223995, 'hidden_units': 512, 'learning_rate': 0.0017091935529445056, 'optimizer': 'Adam', 'use_batch_norm': True}",17,1.5741,0.8752,1.697,0.8742,0.8755,0.8752
"92","{'dropout': 0.08586469857621448, 'hidden_units': 128, 'learning_rate': 0.00146824864097344, 'optimizer': 'Adam', 'use_batch_norm': False}",22,1.6131,0.8625,1.6948,0.8637,0.8689,0.8625
"93","{'dropout': 0.21309494976074458, 'hidden_units': 512, 'learning_rate': 0.002381456602138537, 'optimizer': 'RMSprop', 'use_batch_norm': True}",14,1.5852,0.8547,1.7046,0.8556,0.8647,0.8547
"94","{'dropout': 0.16385675189337584, 'hidden_units': 256, 'learning_rate': 0.006696058315934163, 'optimizer': 'Adam', 'use_batch_norm': True}",20,1.5826,0.8647,1.7026,0.8639,0.8681,0.8647
"95","{'dropout': 0.2854730593369669, 'hidden_units': 512, 'learning_rate': 0.001591481568638368, 'optimizer': 'Adam', 'use_batch_norm': True}",19,1.5793,0.8752,1.6904,0.8759,0.8787,0.8752
"96","{'dropout': 0.03731118829524842, 'hidden_units': 64, 'learning_rate': 0.0029833052812150607, 'optimizer': 'RMSprop', 'use_batch_norm': True}",24,1.5832,0.8358,1.7177,0.8379,0.8532,0.8358
"97","{'dropout': 0.3341854978741533, 'hidden_units': 512, 'learning_rate': 0.0025305967469516225, 'optimizer': 'Adam', 'use_batch_norm': False}",24,1.7877,0.7887,1.8209,0.7792,0.776,0.7887
"98","{'dropout': 0.056270952188467616, 'hidden_units': 128, 'learning_rate': 0.001856913443266892, 'optimizer': 'RMSprop', 'use_batch_norm': True}",17,1.5845,0.8586,1.7013,0.8587,0.8631,0.8586
"99","{'dropout': 0.1251362715459965, 'hidden_units': 512, 'learning_rate': 0.00866608572367827, 'optimizer': 'Adam', 'use_batch_norm': True}",22,1.5922,0.8369,1.7073,0.8387,0.8574,0.8369
"100","{'dropout': 0.3667895805748998, 'hidden_units': 512, 'learning_rate': 0.002150970277743122, 'optimizer': 'Adam', 'use_batch_norm': True}",24,1.5756,0.8569,1.7037,0.8573,0.8622,0.8569
"101","{'dropout': 0.48029950326898696, 'hidden_units': 256, 'learning_rate': 0.001209599403322022, 'optimizer': 'RMSprop', 'use_batch_norm': True}",9,1.6297,0.8575,1.7154,0.858,0.8622,0.8575
"102","{'dropout': 0.013210935480037211, 'hidden_units': 512, 'learning_rate': 0.004291862379152243, 'optimizer': 'Adam', 'use_batch_norm': False}",0,2.4534,0.0477,2.4479,0.0043,0.0023,0.0477
"103","{'dropout': 0.2570940627688121, 'hidden_units': 512, 'learning_rate': 0.0032342908682677736, 'optimizer': 'RMSprop', 'use_batch_norm': True}",15,1.587,0.848,1.7007,0.8495,0.8571,0.848
"104","{'dropout': 0.06976354218413454, 'hidden_units': 64, 'learning_rate': 0.0013629427956075568, 'optimizer': 'Adam', 'use_batch_norm': True}",21,1.5916,0.8602,1.7121,0.86,0.8669,0.8602
"105","{'dropout': 0.31348409096327107, 'hidden_units': 512, 'learning_rate': 0.005787006369824629, 'optimizer': 'Adam', 'use_batch_norm': True}",21,1.5883,0.8519,1.7001,0.8536,0.8642,0.8519
"106","{'dropout': 0.1886675198423039, 'hidden_units': 128, 'learning_rate': 0.003989060610053693, 'optimizer': 'RMSprop', 'use_batch_norm': True}",19,1.5884,0.8247,1.7127,0.8266,0.8406,0.8247
"107","{'dropout': 0.11582125048143369, 'hidden_units': 512, 'learning_rate': 0.0017326746319787545, 'optimizer': 'Adam', 'use_batch_norm': False}",24,1.6704,0.8369,1.729,0.8375,0.853,0.8369
"108","{'dropout': 0.044688922250509626, 'hidden_units': 256, 'learning_rate': 0.0011569626632535774, 'optimizer': 'RMSprop', 'use_batch_norm': True}",18,1.5739,0.8686,1.7036,0.8678,0.8723,0.8686
"109","{'dropout': 0.09772105856457423, 'hidden_units': 512, 'learning_rate': 0.0010840870421304843, 'optimizer': 'Adam', 'use_batch_norm': True}",17,1.5721,0.8713,1.6986,0.8716,0.8765,0.8713
"110","{'dropout': 0.029930884446405105, 'hidden_units': 512, 'learning_rate': 0.0010053746286540156, 'optimizer': 'Adam', 'use_batch_norm': True}",20,1.5668,0.8708,1.6951,0.8713,0.8737,0.8708
"111","{'dropout': 0.13613933006595866, 'hidden_units': 64, 'learning_rate': 0.0035322534983905952, 'optimizer': 'RMSprop', 'use_batch_norm': True}",15,1.6028,0.8386,1.7118,0.843,0.8599,0.8386
"112","{'dropout': 0.401867063624439, 'hidden_units': 512, 'learning_rate': 0.002634040103483615, 'optimizer': 'Adam', 'use_batch_norm': False}",20,1.8548,0.7676,1.8866,0.7401,0.722,0.7676
"113","{'dropout': 0.17625414218275232, 'hidden_units': 128, 'learning_rate': 0.01898017918985928, 'optimizer': 'RMSprop', 'use_batch_norm': True}",20,1.6092,0.8464,1.7276,0.8478,0.8572,0.8464
"114","{'dropout': 0.08840325858588888, 'hidden_units': 512, 'learning_rate': 0.0019376858549735479, 'optimizer': 'Adam', 'use_batch_norm': True}",24,1.5664,0.8691,1.6902,0.871,0.879,0.8691
"115","{'dropout': 0.231263504270104, 'hidden_units': 512, 'learning_rate': 0.0013221427577443936, 'optimizer': 'RMSprop', 'use_batch_norm': True}",22,1.5746,0.8625,1.7021,0.8633,0.866,0.8625
"116","{'dropout': 0.0011894661242256993, 'hidden_units': 256, 'learning_rate': 0.002813751544156866, 'optimizer': 'Adam', 'use_batch_norm': True}",11,1.5868,0.8436,1.7121,0.8443,0.8519,0.8436
"117","{'dropout': 0.018978299231108615, 'hidden_units': 512, 'learning_rate': 0.001575626711935126, 'optimizer': 'Adam', 'use_batch_norm': False}",24,1.6962,0.8292,1.7714,0.809,0.7927,0.8292
"118","{'dropout': 0.1551358181394111, 'hidden_units': 64, 'learning_rate': 0.001397093547675768, 'optimizer': 'RMSprop', 'use_batch_norm': True}",11,1.6219,0.8508,1.7189,0.8509,0.8577,0.8508
"119","{'dropout': 0.06147288956981102, 'hidden_units': 512, 'learning_rate': 0.0022933248511251823, 'optimizer': 'Adam', 'use_batch_norm': True}",15,1.5736,0.8708,1.6984,0.8715,0.8751,0.8708
"120","{'dropout': 0.16966722025517528, 'hidden_units': 128, 'learning_rate': 0.0020931415541216086, 'optimizer': 'RMSprop', 'use_batch_norm': True}",21,1.5841,0.8486,1.7168,0.8505,0.8569,0.8486
"121","{'dropout': 0.10283499224237498, 'hidden_units': 512, 'learning_rate': 0.004846553605725427, 'optimizer': 'Adam', 'use_batch_norm': True}",24,1.5749,0.8536,1.6995,0.8545,0.8628,0.8536
"122","{'dropout': 0.2718188671849487, 'hidden_units': 512, 'learning_rate': 0.0012425528249404895, 'optimizer': 'Adam', 'use_batch_norm': False}",23,1.63,0.8575,1.6982,0.8587,0.8634,0.8575
"123","{'dropout': 0.07718788336380478, 'hidden_units': 256, 'learning_rate': 0.001676036749043727, 'optimizer': 'RMSprop', 'use_batch_norm': True}",18,1.5762,0.8641,1.697,0.8656,0.876,0.8641
"124","{'dropout': 0.04637016600602958, 'hidden_units': 512, 'learning_rate': 0.015145855666363912, 'optimizer': 'Adam', 'use_batch_norm': True}",20,1.6243,0.8497,1.7024,0.8525,0.8628,0.8497
"125","{'dropout': 0.2052658703167411, 'hidden_units': 64, 'learning_rate': 0.001449529321384682, 'optimizer': 'Adam', 'use_batch_norm': True}",24,1.6077,0.8464,1.7243,0.8478,0.854,0.8464
"126","{'dropout': 0.0018609760120016326, 'hidden_units': 512, 'learning_rate': 0.0018103852095095545, 'optimizer': 'RMSprop', 'use_batch_norm': True}",8,1.597,0.8713,1.6959,0.8721,0.8747,0.8713
"127","{'dropout': 0.4595045474087042, 'hidden_units': 128, 'learning_rate': 0.0037340672644179634, 'optimizer': 'Adam', 'use_batch_norm': False}",16,1.7261,0.797,1.7505,0.7997,0.8117,0.797
"128","{'dropout': 0.0319230967087759, 'hidden_units': 512, 'learning_rate': 0.002516950328757609, 'optimizer': 'RMSprop', 'use_batch_norm': True}",18,1.577,0.8747,1.6909,0.875,0.8766,0.8747
"129","{'dropout': 0.053545808050353215, 'hidden_units': 512, 'learning_rate': 0.001018694491794605, 'optimizer': 'Adam', 'use_batch_norm': True}",21,1.5667,0.8713,1.6997,0.8726,0.8781,0.8713
"130","{'dropout': 0.14456530477909807, 'hidden_units': 256, 'learning_rate': 0.0011733571407883533, 'optimizer': 'Adam', 'use_batch_norm': True}",16,1.5783,0.8647,1.7012,0.866,0.8702,0.8647
"131","{'dropout': 0.12228403133891178, 'hidden_units': 512, 'learning_rate': 0.0030999075595200543, 'optimizer': 'RMSprop', 'use_batch_norm': True}",18,1.5778,0.8619,1.7,0.8637,0.8691,0.8619
"132","{'dropout': 0.010895467624678138, 'hidden_units': 512, 'learning_rate': 0.0046025874430355935, 'optimizer': 'Adam', 'use_batch_norm': True}",20,1.5756,0.8708,1.6947,0.8716,0.8735,0.8708
"133","{'dropout': 0.21751909610349304, 'hidden_units': 64, 'learning_rate': 0.0019539777042420665, 'optimizer': 'RMSprop', 'use_batch_norm': False}",24,1.6988,0.8042,1.7515,0.8096,0.8241,0.8042
"134","{'dropout': 0.09129715899877748, 'hidden_units': 128, 'learning_rate': 0.0015074583243185292, 'optimizer': 'Adam', 'use_batch_norm': True}",14,1.5916,0.8597,1.7046,0.8594,0.8638,0.8597
"135","{'dropout': 0.2963267700858643, 'hidden_units': 512, 'learning_rate': 0.0013146752426419753, 'optimizer': 'Adam', 'use_batch_norm': True}",12,1.5902,0.8663,1.7081,0.8664,0.87,0.8663
"136","{'dropout': 0.11012776300033575, 'hidden_units': 512, 'learning_rate': 0.005206707899862283, 'optimizer': 'RMSprop', 'use_batch_norm': True}",24,1.5791,0.8658,1.7064,0.8665,0.8713,0.8658
"137","{'dropout': 0.06641124959603295, 'hidden_units': 256, 'learning_rate': 0.008882341744728316, 'optimizer': 'Adam', 'use_batch_norm': True}",22,1.5831,0.8636,1.7025,0.8648,0.8704,0.8636
"138","{'dropout': 0.022021507459225705, 'hidden_units': 512, 'learning_rate': 0.0010529503913565303, 'optimizer': 'RMSprop', 'use_batch_norm': False}",0,2.4524,0.0943,2.4553,0.0162,0.0089,0.0943
"139","{'dropout': 0.042629190381403406, 'hidden_units': 64, 'learning_rate': 0.0024162159917852453, 'optimizer': 'Adam', 'use_batch_norm': True}",11,1.6056,0.8647,1.7106,0.8637,0.8663,0.8647
"140","{'dropout': 0.252243107208324, 'hidden_units': 512, 'learning_rate': 0.011744981969526808, 'optimizer': 'Adam', 'use_batch_norm': True}",16,1.6227,0.8486,1.7019,0.8512,0.8595,0.8486
"141","{'dropout': 0.13319739391887336, 'hidden_units': 128, 'learning_rate': 0.00791745774378328, 'optimizer': 'RMSprop', 'use_batch_norm': True}",24,1.5845,0.8541,1.7079,0.8544,0.8604,0.8541
"142","{'dropout': 0.07951794739790335, 'hidden_units': 512, 'learning_rate': 0.002127462096938841, 'optimizer': 'Adam', 'use_batch_norm': True}",13,1.5767,0.8697,1.6939,0.8699,0.872,0.8697
"143","{'dropout': 0.0013844017470649762, 'hidden_units': 512, 'learning_rate': 0.001122855393667474, 'optimizer': 'RMSprop', 'use_batch_norm': False}",5,2.4462,0.0993,2.4636,0.0179,0.0099,0.0993
"144","{'dropout': 0.3265537238213167, 'hidden_units': 256, 'learning_rate': 0.0016854705680632719, 'optimizer': 'Adam', 'use_batch_norm': True}",22,1.5814,0.8619,1.7004,0.8627,0.8666,0.8619
"145","{'dropout': 0.19359737684307268, 'hidden_units': 512, 'learning_rate': 0.0029649377663038177, 'optimizer': 'Adam', 'use_batch_norm': True}",20,1.5744,0.8713,1.7009,0.8703,0.8726,0.8713
"146","{'dropout': 0.05892530945957239, 'hidden_units': 512, 'learning_rate': 0.002179581634302846, 'optimizer': 'RMSprop', 'use_batch_norm': True}",21,1.5753,0.8724,1.6909,0.8726,0.8794,0.8724
"147","{'dropout': 0.03519771081943233, 'hidden_units': 512, 'learning_rate': 0.0018848717308663596, 'optimizer': 'RMSprop', 'use_batch_norm': True}",9,1.593,0.8575,1.7132,0.8569,0.863,0.8575
"148","{'dropout': 0.07165873613849272, 'hidden_units': 512, 'learning_rate': 0.001529323429286174, 'optimizer': 'RMSprop', 'use_batch_norm': True}",17,1.5766,0.8597,1.7016,0.8596,0.8641,0.8597
"149","{'dropout': 0.01466060957556466, 'hidden_units': 512, 'learning_rate': 0.002723378956800142, 'optimizer': 'RMSprop', 'use_batch_norm': True}",14,1.5851,0.8508,1.7027,0.8537,0.8608,0.8508
"150","{'dropout': 0.11423345816817936, 'hidden_units': 512, 'learning_rate': 0.0017969949900015724, 'optimizer': 'RMSprop', 'use_batch_norm': True}",16,1.5804,0.8586,1.7051,0.8591,0.8624,0.8586
"151","{'dropout': 0.026848224893006804, 'hidden_units': 512, 'learning_rate': 0.003316534948473056, 'optimizer': 'RMSprop', 'use_batch_norm': True}",10,1.5931,0.8547,1.7087,0.8542,0.8637,0.8547
"152","{'dropout': 0.09705729569647818, 'hidden_units': 512, 'learning_rate': 0.0022727177943352253, 'optimizer': 'RMSprop', 'use_batch_norm': True}",21,1.5756,0.8619,1.6948,0.8626,0.8666,0.8619
"153","{'dropout': 0.08451617478341084, 'hidden_units': 512, 'learning_rate': 0.0012441276828587876, 'optimizer': 'RMSprop', 'use_batch_norm': True}",23,1.5669,0.8658,1.6967,0.8662,0.869,0.8658
"154","{'dropout': 0.05327905611298428, 'hidden_units': 512, 'learning_rate': 0.0013991264682250203, 'optimizer': 'RMSprop', 'use_batch_norm': True}",18,1.5739,0.8735,1.6952,0.8731,0.8759,0.8735
"155","{'dropout': 0.16191523822729467, 'hidden_units': 512, 'learning_rate': 0.0020231815522558398, 'optimizer': 'RMSprop', 'use_batch_norm': True}",10,1.594,0.858,1.7045,0.8592,0.8648,0.858
"156","{'dropout': 0.06475824883492326, 'hidden_units': 512, 'learning_rate': 0.0015942554685643895, 'optimizer': 'RMSprop', 'use_batch_norm': True}",24,1.5732,0.8708,1.6985,0.8705,0.8724,0.8708
"157","{'dropout': 0.15120478652502625, 'hidden_units': 512, 'learning_rate': 0.004203332242817045, 'optimizer': 'RMSprop', 'use_batch_norm': True}",24,1.5788,0.8652,1.6985,0.8645,0.8708,0.8652
"158","{'dropout': 9.59819188825822e-05, 'hidden_units': 64, 'learning_rate': 0.0028708540878993514, 'optimizer': 'RMSprop', 'use_batch_norm': True}",19,1.5794,0.8602,1.7116,0.8601,0.8626,0.8602
"159","{'dropout': 0.18217243812092926, 'hidden_units': 512, 'learning_rate': 0.0016572711693530104, 'optimizer': 'RMSprop', 'use_batch_norm': True}",19,1.5799,0.8724,1.6977,0.8727,0.8755,0.8724
"160","{'dropout': 0.009340811515172784, 'hidden_units': 512, 'learning_rate': 0.0013466380392273874, 'optimizer': 'RMSprop', 'use_batch_norm': True}",21,1.5692,0.8713,1.6929,0.8714,0.8746,0.8713
"161","{'dropout': 0.04178068157038737, 'hidden_units': 128, 'learning_rate': 0.0036447055145259447, 'optimizer': 'RMSprop', 'use_batch_norm': True}",24,1.576,0.8547,1.7058,0.8552,0.8601,0.8547
"162","{'dropout': 0.12666895846317697, 'hidden_units': 512, 'learning_rate': 0.002596319843527811, 'optimizer': 'RMSprop', 'use_batch_norm': True}",12,1.5892,0.8663,1.7047,0.865,0.8669,0.8663
"163","{'dropout': 0.020494242983346733, 'hidden_units': 256, 'learning_rate': 0.0017964336881077642, 'optimizer': 'Adam', 'use_batch_norm': True}",19,1.5704,0.8663,1.6983,0.8676,0.8737,0.8663
"164","{'dropout': 0.10447363674917029, 'hidden_units': 512, 'learning_rate': 0.0014830474818453884, 'optimizer': 'RMSprop', 'use_batch_norm': False}",0,2.4458,0.1758,2.4649,0.0526,0.0309,0.1758
"165","{'dropout': 0.05367651485517127, 'hidden_units': 512, 'learning_rate': 0.0012665030832843733, 'optimizer': 'Adam', 'use_batch_norm': True}",22,1.5672,0.8735,1.6917,0.8746,0.8778,0.8735
"166","{'dropout': 0.07399331887110412, 'hidden_units': 512, 'learning_rate': 0.002441906622389855, 'optimizer': 'RMSprop', 'use_batch_norm': True}",7,1.6052,0.8602,1.7011,0.8617,0.8661,0.8602
"167","{'dropout': 0.034213777495699316, 'hidden_units': 64, 'learning_rate': 0.0010995040558010147, 'optimizer': 'Adam', 'use_batch_norm': True}",21,1.5916,0.8469,1.7116,0.8493,0.8571,0.8469
"168","{'dropout': 0.13939766424265718, 'hidden_units': 128, 'learning_rate': 0.0019224890255412567, 'optimizer': 'RMSprop', 'use_batch_norm': True}",24,1.5811,0.8552,1.7147,0.8532,0.8558,0.8552
"169","{'dropout': 0.38416306707858366, 'hidden_units': 512, 'learning_rate': 0.0011774985698094025, 'optimizer': 'Adam', 'use_batch_norm': True}",23,1.5794,0.8536,1.7006,0.856,0.8615,0.8536
"170","{'dropout': 0.0865649939148508, 'hidden_units': 512, 'learning_rate': 0.0022679215825920935, 'optimizer': 'Adam', 'use_batch_norm': False}",24,1.7348,0.8092,1.7749,0.7806,0.7583,0.8092
"171","{'dropout': 0.16999027064650585, 'hidden_units': 256, 'learning_rate': 0.003234162412820675, 'optimizer': 'RMSprop', 'use_batch_norm': True}",20,1.5812,0.8475,1.7117,0.8468,0.8556,0.8475
"172","{'dropout': 0.06113911548733146, 'hidden_units': 512, 'learning_rate': 0.0020624062807662207, 'optimizer': 'Adam', 'use_batch_norm': True}",16,1.5735,0.8713,1.6993,0.8716,0.875,0.8713
"173","{'dropout': 5.89537803415037e-05, 'hidden_units': 512, 'learning_rate': 0.0010321256012504234, 'optimizer': 'RMSprop', 'use_batch_norm': True}",7,1.5984,0.8514,1.7057,0.8552,0.8692,0.8514
"174","{'dropout': 0.11650992752889439, 'hidden_units': 64, 'learning_rate': 0.003967137574834236, 'optimizer': 'Adam', 'use_batch_norm': True}",18,1.5958,0.8641,1.7035,0.8649,0.8674,0.8641
"175","{'dropout': 0.02699791149468828, 'hidden_units': 512, 'learning_rate': 0.0017166688417063814, 'optimizer': 'RMSprop', 'use_batch_norm': False}",3,2.4509,0.0727,2.4491,0.0098,0.0053,0.0727
"176","{'dropout': 0.09516498696933991, 'hidden_units': 128, 'learning_rate': 0.0014332796313523387, 'optimizer': 'Adam', 'use_batch_norm': True}",23,1.5772,0.8469,1.7055,0.8504,0.8606,0.8469
"177","{'dropout': 0.23713496618028573, 'hidden_units': 512, 'learning_rate': 0.005818987523881671, 'optimizer': 'RMSprop', 'use_batch_norm': True}",23,1.5903,0.8292,1.7183,0.8305,0.8499,0.8292
"178","{'dropout': 0.011276911965987523, 'hidden_units': 512, 'learning_rate': 0.0015748610986084676, 'optimizer': 'Adam', 'use_batch_norm': True}",20,1.566,0.8802,1.6918,0.8797,0.8804,0.8802
"179","{'dropout': 0.34356258186648325, 'hidden_units': 256, 'learning_rate': 0.0013028054673384396, 'optimizer': 'RMSprop', 'use_batch_norm': True}",24,1.5823,0.8514,1.7155,0.8527,0.8597,0.8514
"180","{'dropout': 0.43535694277988707, 'hidden_units': 512, 'learning_rate': 0.0021766565784507963, 'optimizer': 'Adam', 'use_batch_norm': True}",20,1.5852,0.8597,1.7037,0.8597,0.8631,0.8597
"181","{'dropout': 0.048844228159199886, 'hidden_units': 64, 'learning_rate': 0.0027981053365448124, 'optimizer': 'RMSprop', 'use_batch_norm': False}",24,2.3337,0.1664,2.2958,0.0602,0.1123,0.1664
"182","{'dropout': 0.03908271846937772, 'hidden_units': 512, 'learning_rate': 0.010369680070707325, 'optimizer': 'Adam', 'use_batch_norm': True}",19,1.5945,0.8502,1.7004,0.8534,0.8644,0.8502
"183","{'dropout': 0.10574995511971208, 'hidden_units': 512, 'learning_rate': 0.0011762412515304358, 'optimizer': 'RMSprop', 'use_batch_norm': True}",19,1.5704,0.8691,1.6935,0.8695,0.8731,0.8691
"184","{'dropout': 0.07351178753352584, 'hidden_units': 128, 'learning_rate': 0.004428114250815667, 'optimizer': 'Adam', 'use_batch_norm': True}",21,1.5773,0.8719,1.6948,0.8718,0.8735,0.8719
"185","{'dropout': 0.12539331686890248, 'hidden_units': 512, 'learning_rate': 0.0024397098919182393, 'optimizer': 'RMSprop', 'use_batch_norm': True}",22,1.5727,0.8674,1.6996,0.8676,0.8703,0.8674
"186","{'dropout': 0.020158277677245887, 'hidden_units': 512, 'learning_rate': 0.001012064527805849, 'optimizer': 'Adam', 'use_batch_norm': True}",23,1.5639,0.8791,1.6858,0.8801,0.8824,0.8791
"187","{'dropout': 0.017088446448588403, 'hidden_units': 256, 'learning_rate': 0.0010192887137361177, 'optimizer': 'Adam', 'use_batch_norm': False}",23,1.6151,0.8636,1.7012,0.8629,0.8639,0.8636
"188","{'dropout': 0.024756826504570728, 'hidden_units': 512, 'learning_rate': 0.0010992965998798641, 'optimizer': 'Adam', 'use_batch_norm': True}",20,1.5656,0.8741,1.6928,0.8752,0.8784,0.8741
"189","{'dropout': 0.303816648349658, 'hidden_units': 512, 'learning_rate': 0.0013670786190243484, 'optimizer': 'Adam', 'use_batch_norm': True}",23,1.5729,0.8564,1.6996,0.8577,0.8635,0.8564
"190","{'dropout': 0.04456565431384313, 'hidden_units': 64, 'learning_rate': 0.0010066777367830314, 'optimizer': 'Adam', 'use_batch_norm': True}",23,1.5885,0.8663,1.7112,0.8666,0.8697,0.8663
"191","{'dropout': 0.28132046952395995, 'hidden_units': 512, 'learning_rate': 0.0011987955691231368, 'optimizer': 'Adam', 'use_batch_norm': True}",17,1.5814,0.8475,1.7001,0.8492,0.8587,0.8475
"192","{'dropout': 0.009639781939109957, 'hidden_units': 128, 'learning_rate': 0.0069417138280984956, 'optimizer': 'Adam', 'use_batch_norm': True}",23,1.5752,0.8369,1.705,0.8407,0.8549,0.8369
"193","{'dropout': 0.2087220789677769, 'hidden_units': 512, 'learning_rate': 0.0010742640286804939, 'optimizer': 'Adam', 'use_batch_norm': False}",19,1.627,0.8619,1.693,0.8638,0.8702,0.8619
"194","{'dropout': 0.08275277816841312, 'hidden_units': 512, 'learning_rate': 0.0012430190774324198, 'optimizer': 'Adam', 'use_batch_norm': True}",20,1.5691,0.8713,1.6903,0.8724,0.8742,0.8713
"195","{'dropout': 0.0011645684347958048, 'hidden_units': 256, 'learning_rate': 0.0015605687254172755, 'optimizer': 'Adam', 'use_batch_norm': True}",15,1.5737,0.8713,1.6938,0.8714,0.8743,0.8713
"196","{'dropout': 0.032146731967222106, 'hidden_units': 512, 'learning_rate': 0.001428134419167121, 'optimizer': 'Adam', 'use_batch_norm': True}",12,1.578,0.8641,1.6939,0.8669,0.8751,0.8641
"197","{'dropout': 0.14629473748436866, 'hidden_units': 512, 'learning_rate': 0.0013159754053736943, 'optimizer': 'Adam', 'use_batch_norm': True}",17,1.572,0.8686,1.6971,0.8703,0.8738,0.8686
"198","{'dropout': 0.06138339005556491, 'hidden_units': 64, 'learning_rate': 0.017756967570690993, 'optimizer': 'Adam', 'use_batch_norm': True}",21,1.5956,0.8602,1.7063,0.8623,0.8691,0.8602
"199","{'dropout': 0.06987587071818706, 'hidden_units': 512, 'learning_rate': 0.0011201200763989365, 'optimizer': 'Adam', 'use_batch_norm': True}",20,1.5663,0.8741,1.6967,0.874,0.8767,0.8741
"200","{'dropout': 0.09681507434975432, 'hidden_units': 512, 'learning_rate': 0.0016592597320783027, 'optimizer': 'Adam', 'use_batch_norm': False}",23,1.6913,0.8325,1.7339,0.8309,0.8392,0.8325
"201","{'dropout': 0.05319615080639081, 'hidden_units': 128, 'learning_rate': 0.0010032938266994861, 'optimizer': 'Adam', 'use_batch_norm': True}",24,1.5764,0.8602,1.7087,0.8595,0.8614,0.8602
"202","{'dropout': 0.02009723872888617, 'hidden_units': 512, 'learning_rate': 0.013235531636485285, 'optimizer': 'Adam', 'use_batch_norm': True}",20,1.597,0.8514,1.6994,0.8542,0.8661,0.8514
"203","{'dropout': 0.2650208511902904, 'hidden_units': 256, 'learning_rate': 0.0018537638692134775, 'optimizer': 'Adam', 'use_batch_norm': True}",22,1.5807,0.8702,1.6992,0.8701,0.872,0.8702
"204","{'dropout': 0.03497312496271762, 'hidden_units': 512, 'learning_rate': 0.0017385142920610269, 'optimizer': 'Adam', 'use_batch_norm': True}",22,1.5661,0.8647,1.6998,0.8651,0.868,0.8647
"205","{'dropout': 0.40701242580123126, 'hidden_units': 512, 'learning_rate': 0.002022193005497563, 'optimizer': 'Adam', 'use_batch_norm': True}",12,1.5996,0.8591,1.7037,0.8593,0.863,0.8591
"206","{'dropout': 0.0005884915090003939, 'hidden_units': 64, 'learning_rate': 0.0014919324762554785, 'optimizer': 'Adam', 'use_batch_norm': False}",21,1.6912,0.8236,1.7497,0.7935,0.7679,0.8236
"207","{'dropout': 0.11181326480278693, 'hidden_units': 512, 'learning_rate': 0.0010020465682123061, 'optimizer': 'Adam', 'use_batch_norm': True}",23,1.566,0.873,1.6935,0.8731,0.8749,0.873
"208","{'dropout': 0.15775280622729287, 'hidden_units': 512, 'learning_rate': 0.0012692137546435642, 'optimizer': 'Adam', 'use_batch_norm': True}",23,1.5675,0.8857,1.6945,0.8856,0.8892,0.8857
"209","{'dropout': 0.1950608100472471, 'hidden_units': 128, 'learning_rate': 0.0011140696859398764, 'optimizer': 'Adam', 'use_batch_norm': True}",23,1.5867,0.8597,1.7092,0.8602,0.8655,0.8597
"210","{'dropout': 0.08157711924729759, 'hidden_units': 512, 'learning_rate': 0.001365953306652739, 'optimizer': 'Adam', 'use_batch_norm': True}",23,1.5668,0.8774,1.6841,0.8781,0.88,0.8774
"211","{'dropout': 0.17416813372478346, 'hidden_units': 512, 'learning_rate': 0.0012107011050325387, 'optimizer': 'Adam', 'use_batch_norm': True}",16,1.5745,0.8641,1.6986,0.8644,0.8716,0.8641
"212","{'dropout': 0.13127284009559573, 'hidden_units': 256, 'learning_rate': 0.0013526859550616836, 'optimizer': 'Adam', 'use_batch_norm': True}",17,1.5781,0.8647,1.7019,0.8657,0.8692,0.8647
"213","{'dropout': 0.48609678022332714, 'hidden_units': 512, 'learning_rate': 0.0014443332654633203, 'optimizer': 'Adam', 'use_batch_norm': False}",23,1.661,0.8369,1.7023,0.8394,0.8513,0.8369
"214","{'dropout': 0.08910548417169362, 'hidden_units': 512, 'learning_rate': 0.0015876539555530554, 'optimizer': 'Adam', 'use_batch_norm': True}",24,1.5686,0.8663,1.7002,0.866,0.8698,0.8663
"215","{'dropout': 0.1373239655508504, 'hidden_units': 64, 'learning_rate': 0.001000508160559732, 'optimizer': 'Adam', 'use_batch_norm': True}",12,1.6313,0.8558,1.7191,0.8563,0.8616,0.8558
"216","{'dropout': 0.18751739069662332, 'hidden_units': 512, 'learning_rate': 0.00117758019637893, 'optimizer': 'Adam', 'use_batch_norm': True}",14,1.5787,0.8663,1.6991,0.8665,0.8707,0.8663
"217","{'dropout': 0.0802436712642649, 'hidden_units': 512, 'learning_rate': 0.002635489877102589, 'optimizer': 'Adam', 'use_batch_norm': True}",22,1.5735,0.8619,1.7119,0.8594,0.8653,0.8619
"218","{'dropout': 0.10533738378352041, 'hidden_units': 128, 'learning_rate': 0.001049977371403633, 'optimizer': 'Adam', 'use_batch_norm': True}",21,1.5822,0.8625,1.7046,0.8638,0.8681,0.8625
"219","{'dropout': 0.12065145410436941, 'hidden_units': 512, 'learning_rate': 0.0019219578314073108, 'optimizer': 'Adam', 'use_batch_norm': False}",24,1.6995,0.8258,1.7689,0.8097,0.7985,0.8258
"220","{'dropout': 0.22761059715555915, 'hidden_units': 256, 'learning_rate': 0.00127992367895002, 'optimizer': 'Adam', 'use_batch_norm': True}",24,1.575,0.8591,1.7005,0.8602,0.8647,0.8591
"221","{'dropout': 0.21539329468127283, 'hidden_units': 512, 'learning_rate': 0.0015165507521590744, 'optimizer': 'Adam', 'use_batch_norm': True}",21,1.573,0.8702,1.7045,0.8701,0.8734,0.8702
"222","{'dropout': 0.1610609078357193, 'hidden_units': 512, 'learning_rate': 0.0016655562770900628, 'optimizer': 'Adam', 'use_batch_norm': True}",18,1.5719,0.8608,1.6966,0.8618,0.8681,0.8608
"223","{'dropout': 0.150650423717685, 'hidden_units': 64, 'learning_rate': 0.0023582761168553625, 'optimizer': 'Adam', 'use_batch_norm': True}",24,1.594,0.8547,1.7164,0.8549,0.8602,0.8547
"224","{'dropout': 0.04083125314802466, 'hidden_units': 512, 'learning_rate': 0.0017747596986238418, 'optimizer': 'Adam', 'use_batch_norm': True}",20,1.5708,0.8697,1.6926,0.8694,0.8712,0.8697
"225","{'dropout': 0.19972899676993133, 'hidden_units': 512, 'learning_rate': 0.001067431327145597, 'optimizer': 'Adam', 'use_batch_norm': False}",20,1.6229,0.8564,1.6925,0.8584,0.8673,0.8564
"226","{'dropout': 0.24752444067185136, 'hidden_units': 128, 'learning_rate': 0.009294157675878482, 'optimizer': 'Adam', 'use_batch_norm': True}",16,1.6071,0.8491,1.7103,0.8509,0.856,0.8491
"227","{'dropout': 0.06573139519252882, 'hidden_units': 512, 'learning_rate': 0.005348083296993149, 'optimizer': 'Adam', 'use_batch_norm': True}",24,1.5793,0.8708,1.6902,0.8712,0.8751,0.8708
"228","{'dropout': 0.09241045183711291, 'hidden_units': 256, 'learning_rate': 0.0011492413381051269, 'optimizer': 'Adam', 'use_batch_norm': True}",16,1.5789,0.8591,1.7068,0.8596,0.8695,0.8591
"229","{'dropout': 0.31703072000233967, 'hidden_units': 512, 'learning_rate': 0.0013703099511043503, 'optimizer': 'Adam', 'use_batch_norm': True}",19,1.5809,0.863,1.6962,0.864,0.8683,0.863
"230","{'dropout': 0.07294725197946406, 'hidden_units': 512, 'learning_rate': 0.002174608113079049, 'optimizer': 'Adam', 'use_batch_norm': True}",16,1.5735,0.8702,1.6963,0.8709,0.8742,0.8702
"231","{'dropout': 0.36215649696225116, 'hidden_units': 64, 'learning_rate': 0.016353961779384207, 'optimizer': 'Adam', 'use_batch_norm': False}",24,2.1277,0.4786,2.1701,0.4107,0.3838,0.4786
"232","{'dropout': 0.05359415245950274, 'hidden_units': 512, 'learning_rate': 0.0020447766053730693, 'optimizer': 'Adam', 'use_batch_norm': True}",23,1.5675,0.8674,1.6936,0.8687,0.8754,0.8674
"233","{'dropout': 0.011547181906260374, 'hidden_units': 512, 'learning_rate': 0.00142037037085539, 'optimizer': 'Adam', 'use_batch_norm': True}",21,1.5682,0.8652,1.6945,0.8655,0.8741,0.8652
"234","{'dropout': 0.11627155052058628, 'hidden_units': 128, 'learning_rate': 0.008043824120436143, 'optimizer': 'Adam', 'use_batch_norm': True}",14,1.5976,0.8419,1.7065,0.8436,0.8515,0.8419
"235","{'dropout': 0.14151266234190468, 'hidden_units': 512, 'learning_rate': 0.0016267617738914043, 'optimizer': 'Adam', 'use_batch_norm': True}",24,1.5659,0.8763,1.6917,0.8767,0.8791,0.8763
"236","{'dropout': 0.17768255710312997, 'hidden_units': 512, 'learning_rate': 0.0012383085133685265, 'optimizer': 'Adam', 'use_batch_norm': True}",14,1.5791,0.8819,1.6868,0.8817,0.8828,0.8819
"237","{'dropout': 0.21979552148715997, 'hidden_units': 256, 'learning_rate': 0.006084994823487665, 'optimizer': 'Adam', 'use_batch_norm': True}",20,1.5844,0.8713,1.6953,0.8714,0.8759,0.8713
"238","{'dropout': 0.2918074423931657, 'hidden_units': 512, 'learning_rate': 0.0034341885674212653, 'optimizer': 'Adam', 'use_batch_norm': False}",11,2.1244,0.5092,2.1364,0.392,0.3333,0.5092
"239","{'dropout': 0.24029102946809766, 'hidden_units': 512, 'learning_rate': 0.0030144447656382176, 'optimizer': 'Adam', 'use_batch_norm': True}",22,1.5747,0.8575,1.6997,0.8593,0.8642,0.8575
"240","{'dropout': 0.17560075432005462, 'hidden_units': 64, 'learning_rate': 0.0012500173775807156, 'optimizer': 'Adam', 'use_batch_norm': True}",21,1.6057,0.8619,1.7088,0.8626,0.8647,0.8619
"241","{'dropout': 0.18280223425146103, 'hidden_units': 512, 'learning_rate': 0.001136012353644319, 'optimizer': 'Adam', 'use_batch_norm': True}",19,1.571,0.868,1.7005,0.8682,0.8733,0.868
"242","{'dropout': 0.25997845915702994, 'hidden_units': 512, 'learning_rate': 0.0018647453514312972, 'optimizer': 'Adam', 'use_batch_norm': True}",15,1.5835,0.8625,1.7036,0.863,0.8677,0.8625
"243","{'dropout': 0.23352866872703773, 'hidden_units': 128, 'learning_rate': 0.0014877957447635248, 'optimizer': 'Adam', 'use_batch_norm': True}",22,1.5884,0.8541,1.7055,0.8548,0.8587,0.8541
"244","{'dropout': 0.20183799915230383, 'hidden_units': 512, 'learning_rate': 0.010834949336117056, 'optimizer': 'Adam', 'use_batch_norm': False}",0,2.4509,0.1237,2.4524,0.0272,0.0153,0.1237
"245","{'dropout': 0.16812289231662741, 'hidden_units': 256, 'learning_rate': 0.001068932698366676, 'optimizer': 'Adam', 'use_batch_norm': True}",20,1.5775,0.8602,1.6982,0.8614,0.8665,0.8602
"246","{'dropout': 0.154230326204629, 'hidden_units': 512, 'learning_rate': 0.0013120305609801216, 'optimizer': 'Adam', 'use_batch_norm': True}",22,1.5709,0.8691,1.6989,0.8695,0.872,0.8691
"247","{'dropout': 0.2720452964544677, 'hidden_units': 512, 'learning_rate': 0.0017704462319894578, 'optimizer': 'Adam', 'use_batch_norm': True}",14,1.5821,0.8602,1.7056,0.8596,0.8645,0.8602
"248","{'dropout': 0.33911063833668026, 'hidden_units': 64, 'learning_rate': 0.0010044160746422786, 'optimizer': 'Adam', 'use_batch_norm': True}",14,1.652,0.8369,1.7274,0.8404,0.8522,0.8369
"249","{'dropout': 0.2523416651828303, 'hidden_units': 512, 'learning_rate': 0.001203913522661361, 'optimizer': 'Adam', 'use_batch_norm': True}",24,1.5683,0.8735,1.6894,0.874,0.8783,0.8735
"250","{'dropout': 0.13117034103600367, 'hidden_units': 512, 'learning_rate': 0.004824373866490595, 'optimizer': 'Adam', 'use_batch_norm': False}",6,2.3132,0.3655,2.2982,0.2215,0.164,0.3655
"251","{'dropout': 0.35283602305322764, 'hidden_units': 128, 'learning_rate': 0.0038079151507142382, 'optimizer': 'Adam', 'use_batch_norm': True}",17,1.6111,0.8508,1.7161,0.853,0.8619,0.8508
"252","{'dropout': 0.18823582218693513, 'hidden_units': 512, 'learning_rate': 0.0019522078794778242, 'optimizer': 'Adam', 'use_batch_norm': True}",20,1.5731,0.8663,1.6915,0.8672,0.8708,0.8663
"253","{'dropout': 0.10515293671138146, 'hidden_units': 512, 'learning_rate': 0.0025126206265020093, 'optimizer': 'Adam', 'use_batch_norm': True}",23,1.57,0.8691,1.6878,0.87,0.8741,0.8691
"254","{'dropout': 0.2092138403936111, 'hidden_units': 256, 'learning_rate': 0.0013550257906161972, 'optimizer': 'Adam', 'use_batch_norm': True}",23,1.576,0.8564,1.7066,0.8581,0.864,0.8564
"255","{'dropout': 0.12303595626114008, 'hidden_units': 512, 'learning_rate': 0.0022414110171274887, 'optimizer': 'Adam', 'use_batch_norm': True}",14,1.5813,0.8586,1.6993,0.8604,0.869,0.8586
"256","{'dropout': 0.046830977425402535, 'hidden_units': 64, 'learning_rate': 0.0015931515824864032, 'optimizer': 'Adam', 'use_batch_norm': False}",21,1.6213,0.8719,1.6956,0.8717,0.8735,0.8719
"257","{'dropout': 0.026513804420780766, 'hidden_units': 512, 'learning_rate': 0.001130876409602604, 'optimizer': 'Adam', 'use_batch_norm': True}",21,1.5649,0.8658,1.7001,0.8664,0.8709,0.8658
"258","{'dropout': 0.1383726416460646, 'hidden_units': 512, 'learning_rate': 0.0025413844830390994, 'optimizer': 'Adam', 'use_batch_norm': True}",23,1.5712,0.8641,1.6969,0.8655,0.8716,0.8641
"259","{'dropout': 0.09947838879510391, 'hidden_units': 512, 'learning_rate': 0.0028633209862410766, 'optimizer': 'Adam', 'use_batch_norm': True}",21,1.5706,0.8691,1.6952,0.8694,0.8727,0.8691
"260","{'dropout': 0.11256559093731806, 'hidden_units': 512, 'learning_rate': 0.0036101623781959282, 'optimizer': 'Adam', 'use_batch_norm': True}",17,1.5807,0.8575,1.7025,0.8579,0.8628,0.8575
"261","{'dropout': 0.08337172577612607, 'hidden_units': 512, 'learning_rate': 0.0031502216986113206, 'optimizer': 'Adam', 'use_batch_norm': True}",12,1.584,0.8625,1.6977,0.8623,0.8694,0.8625
"262","{'dropout': 0.1537641679419521, 'hidden_units': 512, 'learning_rate': 0.0020731905597830102, 'optimizer': 'Adam', 'use_batch_norm': True}",16,1.5764,0.8641,1.6997,0.8639,0.8661,0.8641
"263","{'dropout': 0.10327229269882182, 'hidden_units': 512, 'learning_rate': 0.00270641863439732, 'optimizer': 'Adam', 'use_batch_norm': True}",19,1.5735,0.8602,1.6985,0.863,0.8738,0.8602
"264","{'dropout': 0.146394712755545, 'hidden_units': 512, 'learning_rate': 0.0023524150449887728, 'optimizer': 'Adam', 'use_batch_norm': True}",18,1.5732,0.858,1.7049,0.8604,0.8717,0.858
"265","{'dropout': 0.1698753703643382, 'hidden_units': 512, 'learning_rate': 0.0017879690757931133, 'optimizer': 'Adam', 'use_batch_norm': True}",20,1.5704,0.8686,1.6911,0.8694,0.8733,0.8686
"266","{'dropout': 0.06065700810990604, 'hidden_units': 512, 'learning_rate': 0.0015224409395552796, 'optimizer': 'Adam', 'use_batch_norm': True}",19,1.5674,0.873,1.6937,0.8741,0.878,0.873
"267","{'dropout': 0.07910000548595036, 'hidden_units': 512, 'learning_rate': 0.0014259404740868708, 'optimizer': 'Adam', 'use_batch_norm': True}",24,1.5679,0.8652,1.7024,0.8648,0.8685,0.8652
"268","{'dropout': 0.12552466747445523, 'hidden_units': 512, 'learning_rate': 0.004084577418909674, 'optimizer': 'Adam', 'use_batch_norm': True}",19,1.5798,0.8608,1.6969,0.8612,0.8656,0.8608
"269","{'dropout': 0.18017002865577833, 'hidden_units': 512, 'learning_rate': 0.0016734670454715802, 'optimizer': 'Adam', 'use_batch_norm': True}",23,1.5692,0.8619,1.7063,0.8647,0.8753,0.8619
"270","{'dropout': 0.09141449108296777, 'hidden_units': 512, 'learning_rate': 0.001000396388386232, 'optimizer': 'Adam', 'use_batch_norm': True}",13,1.5771,0.8658,1.695,0.8663,0.8693,0.8658
"271","{'dropout': 0.16465726244645074, 'hidden_units': 512, 'learning_rate': 0.0012265393218931406, 'optimizer': 'Adam', 'use_batch_norm': True}",16,1.5747,0.8686,1.7029,0.8688,0.8748,0.8686
"272","{'dropout': 0.1101021563907119, 'hidden_units': 512, 'learning_rate': 0.0045944404521748305, 'optimizer': 'Adam', 'use_batch_norm': True}",22,1.5785,0.8586,1.6939,0.8604,0.8661,0.8586
"273","{'dropout': 0.00041224438395738236, 'hidden_units': 512, 'learning_rate': 0.001295737102185367, 'optimizer': 'Adam', 'use_batch_norm': True}",10,1.5843,0.8686,1.6926,0.8693,0.8742,0.8686
"274","{'dropout': 0.06681369108931562, 'hidden_units': 512, 'learning_rate': 0.0010727720873614762, 'optimizer': 'Adam', 'use_batch_norm': True}",22,1.5659,0.8752,1.6949,0.875,0.877,0.8752
"275","{'dropout': 0.03653170983807742, 'hidden_units': 512, 'learning_rate': 0.003320327677646552, 'optimizer': 'Adam', 'use_batch_norm': True}",10,1.5885,0.8686,1.6973,0.8689,0.8715,0.8686
"276","{'dropout': 0.13266058971167802, 'hidden_units': 512, 'learning_rate': 0.0025161528056873695, 'optimizer': 'Adam', 'use_batch_norm': True}",23,1.5719,0.8669,1.6971,0.8674,0.8708,0.8669
"277","{'dropout': 0.01849075674532817, 'hidden_units': 128, 'learning_rate': 0.0019571673101005573, 'optimizer': 'Adam', 'use_batch_norm': True}",15,1.5807,0.8669,1.6995,0.8671,0.871,0.8669
"278","{'dropout': 0.22551411960822984, 'hidden_units': 512, 'learning_rate': 0.001509162802455639, 'optimizer': 'Adam', 'use_batch_norm': True}",21,1.5727,0.858,1.7034,0.8608,0.8707,0.858
"279","{'dropout': 0.07499035715106184, 'hidden_units': 512, 'learning_rate': 0.0016836788171026326, 'optimizer': 'Adam', 'use_batch_norm': True}",14,1.5746,0.8747,1.6946,0.8735,0.8755,0.8747
"280","{'dropout': 0.05383955378852946, 'hidden_units': 256, 'learning_rate': 0.002144233100750773, 'optimizer': 'Adam', 'use_batch_norm': True}",17,1.5733,0.8602,1.7021,0.8615,0.8653,0.8602
"281","{'dropout': 0.10252029362179671, 'hidden_units': 512, 'learning_rate': 0.0014093918232173273, 'optimizer': 'Adam', 'use_batch_norm': True}",16,1.5762,0.8697,1.6941,0.8704,0.8755,0.8697
"282","{'dropout': 0.19380377911764587, 'hidden_units': 512, 'learning_rate': 0.0011712635164008703, 'optimizer': 'Adam', 'use_batch_norm': True}",9,1.5927,0.8602,1.6968,0.8624,0.8677,0.8602
"283","{'dropout': 0.04577519331556145, 'hidden_units': 64, 'learning_rate': 0.006624465098791938, 'optimizer': 'Adam', 'use_batch_norm': True}",24,1.5807,0.8508,1.7015,0.8524,0.8573,0.8508
"284","{'dropout': 0.08983085086506726, 'hidden_units': 512, 'learning_rate': 0.0018366725765846187, 'optimizer': 'Adam', 'use_batch_norm': True}",12,1.5781,0.8641,1.6977,0.8659,0.8721,0.8641
"285","{'dropout': 0.11646759679079668, 'hidden_units': 128, 'learning_rate': 0.0010018588167929206, 'optimizer': 'Adam', 'use_batch_norm': False}",18,1.6305,0.8564,1.7042,0.8576,0.862,0.8564
"286","{'dropout': 0.1446412163838588, 'hidden_units': 512, 'learning_rate': 0.00159448115042489, 'optimizer': 'Adam', 'use_batch_norm': True}",21,1.5708,0.858,1.6988,0.8595,0.869,0.858
"287","{'dropout': 0.009009827831692657, 'hidden_units': 512, 'learning_rate': 0.0012901301044955225, 'optimizer': 'Adam', 'use_batch_norm': True}",6,1.6003,0.8591,1.7011,0.8592,0.8645,0.8591
"288","{'dropout': 0.034312972428054325, 'hidden_units': 256, 'learning_rate': 0.001107364956987798, 'optimizer': 'Adam', 'use_batch_norm': True}",24,1.5673,0.8641,1.6982,0.8654,0.8711,0.8641
"289","{'dropout': 0.06039174995980154, 'hidden_units': 512, 'learning_rate': 0.0013668004506880063, 'optimizer': 'Adam', 'use_batch_norm': True}",23,1.5657,0.8441,1.7015,0.8477,0.8595,0.8441
"290","{'dropout': 0.02529710877512223, 'hidden_units': 512, 'learning_rate': 0.0012057948608740908, 'optimizer': 'Adam', 'use_batch_norm': True}",20,1.5671,0.8769,1.694,0.8768,0.8783,0.8769
"291","{'dropout': 0.15805841965051626, 'hidden_units': 64, 'learning_rate': 0.002306417872375709, 'optimizer': 'Adam', 'use_batch_norm': True}",17,1.6038,0.8536,1.7059,0.8546,0.8608,0.8536
"292","{'dropout': 0.1286893104038301, 'hidden_units': 512, 'learning_rate': 0.003020906786630924, 'optimizer': 'Adam', 'use_batch_norm': False}",0,2.4471,0.0943,2.4553,0.0162,0.0089,0.0943
"293","{'dropout': 0.07061186902897135, 'hidden_units': 512, 'learning_rate': 0.0010631650907746417, 'optimizer': 'Adam', 'use_batch_norm': True}",22,1.5654,0.8686,1.6953,0.8682,0.8705,0.8686
"294","{'dropout': 0.21688515872485223, 'hidden_units': 512, 'learning_rate': 0.002717656087498557, 'optimizer': 'Adam', 'use_batch_norm': True}",21,1.5736,0.8669,1.6956,0.8671,0.8701,0.8669
"295","{'dropout': 0.09712819336847948, 'hidden_units': 128, 'learning_rate': 0.0014617901355709162, 'optimizer': 'Adam', 'use_batch_norm': True}",7,1.624,0.8719,1.7032,0.8719,0.8738,0.8719
"296","{'dropout': 0.2052861533486293, 'hidden_units': 512, 'learning_rate': 0.0017198456099176318, 'optimizer': 'Adam', 'use_batch_norm': True}",24,1.5697,0.8641,1.6903,0.8653,0.8706,0.8641
"297","{'dropout': 0.08331844742817911, 'hidden_units': 256, 'learning_rate': 0.0050438304594077835, 'optimizer': 'Adam', 'use_batch_norm': True}",15,1.5849,0.8591,1.7101,0.8594,0.8645,0.8591
"298","{'dropout': 0.04687784803067372, 'hidden_units': 512, 'learning_rate': 0.00196204699987063, 'optimizer': 'Adam', 'use_batch_norm': False}",24,1.698,0.8353,1.7659,0.8167,0.801,0.8353
"299","{'dropout': 0.18560759935610568, 'hidden_units': 512, 'learning_rate': 0.0010041955219749507, 'optimizer': 'Adam', 'use_batch_norm': True}",18,1.5748,0.8636,1.6945,0.8656,0.8755,0.8636
"300","{'dropout': 0.11165450319474492, 'hidden_units': 64, 'learning_rate': 0.004276685224833507, 'optimizer': 'Adam', 'use_batch_norm': True}",23,1.5876,0.8669,1.7064,0.8666,0.8681,0.8669
"301","{'dropout': 0.01586041007385546, 'hidden_units': 512, 'learning_rate': 0.0021049646551980347, 'optimizer': 'Adam', 'use_batch_norm': True}",20,1.5689,0.868,1.697,0.868,0.8702,0.868
"302","{'dropout': 0.17529430507816868, 'hidden_units': 512, 'learning_rate': 0.0012645977212103212, 'optimizer': 'Adam', 'use_batch_norm': True}",16,1.5742,0.8453,1.7041,0.8497,0.8673,0.8453
"303","{'dropout': 0.13971558381805887, 'hidden_units': 128, 'learning_rate': 0.002445870129236284, 'optimizer': 'Adam', 'use_batch_norm': True}",23,1.5782,0.8525,1.7089,0.8535,0.8586,0.8525
"304","{'dropout': 0.0022854047044904395, 'hidden_units': 512, 'learning_rate': 0.0015479882524306024, 'optimizer': 'Adam', 'use_batch_norm': True}",21,1.5657,0.8713,1.6982,0.8694,0.8735,0.8713
"305","{'dropout': 0.12427686193326637, 'hidden_units': 512, 'learning_rate': 0.005594375862637828, 'optimizer': 'Adam', 'use_batch_norm': False}",0,2.4518,0.0765,2.451,0.0109,0.0059,0.0765
"306","{'dropout': 0.16302507004527383, 'hidden_units': 256, 'learning_rate': 0.001119341848920178, 'optimizer': 'Adam', 'use_batch_norm': True}",19,1.5789,0.8702,1.7004,0.8701,0.8722,0.8702
"307","{'dropout': 0.058108358461373764, 'hidden_units': 512, 'learning_rate': 0.0018413172735022468, 'optimizer': 'Adam', 'use_batch_norm': True}",23,1.5655,0.873,1.692,0.8732,0.8751,0.873
"308","{'dropout': 0.03132293635627928, 'hidden_units': 512, 'learning_rate': 0.0013574195014626996, 'optimizer': 'Adam', 'use_batch_norm': True}",19,1.5679,0.863,1.6974,0.864,0.87,0.863
"309","{'dropout': 0.06884242960239947, 'hidden_units': 64, 'learning_rate': 0.003447336261285632, 'optimizer': 'Adam', 'use_batch_norm': True}",16,1.589,0.8414,1.7137,0.8426,0.8535,0.8414
"310","{'dropout': 0.2449930207187266, 'hidden_units': 512, 'learning_rate': 0.0038954819190225552, 'optimizer': 'Adam', 'use_batch_norm': True}",23,1.5788,0.8697,1.6975,0.8693,0.8712,0.8697
"311","{'dropout': 0.09521889449252928, 'hidden_units': 512, 'learning_rate': 0.0011908551326360807, 'optimizer': 'Adam', 'use_batch_norm': True}",23,1.5666,0.8774,1.6917,0.8775,0.8789,0.8774
"312","{'dropout': 0.14984655496440266, 'hidden_units': 128, 'learning_rate': 0.0016127683148177716, 'optimizer': 'Adam', 'use_batch_norm': False}",20,1.6293,0.8525,1.7027,0.8531,0.8563,0.8525
"313","{'dropout': 0.08387535834960998, 'hidden_units': 512, 'learning_rate': 0.002900395056888551, 'optimizer': 'Adam', 'use_batch_norm': True}",21,1.5718,0.8447,1.6985,0.8485,0.8612,0.8447
"314","{'dropout': 0.10701329428529756, 'hidden_units': 512, 'learning_rate': 0.0014310999567915888, 'optimizer': 'Adam', 'use_batch_norm': True}",24,1.57,0.8658,1.6964,0.8657,0.8692,0.8658
"315","{'dropout': 0.041622463082484726, 'hidden_units': 256, 'learning_rate': 0.0010018186794092956, 'optimizer': 'Adam', 'use_batch_norm': True}",22,1.5691,0.8641,1.6962,0.8662,0.8741,0.8641
"316","{'dropout': 0.1997024670338609, 'hidden_units': 512, 'learning_rate': 0.0017474363834960006, 'optimizer': 'Adam', 'use_batch_norm': True}",17,1.5749,0.8652,1.6939,0.8664,0.8726,0.8652
"317","{'dropout': 0.05204537017172823, 'hidden_units': 512, 'learning_rate': 0.002599800174006223, 'optimizer': 'Adam', 'use_batch_norm': True}",15,1.5765,0.8741,1.696,0.8749,0.8767,0.8741
"318","{'dropout': 0.022210548383700027, 'hidden_units': 64, 'learning_rate': 0.003203225479491466, 'optimizer': 'Adam', 'use_batch_norm': True}",23,1.575,0.8497,1.7088,0.8522,0.8604,0.8497
"319","{'dropout': 0.0006619304402017551, 'hidden_units': 512, 'learning_rate': 0.0022486792692861285, 'optimizer': 'Adam', 'use_batch_norm': False}",0,2.4561,0.0555,2.4413,0.0058,0.0031,0.0555
"320","{'dropout': 0.4750801086299654, 'hidden_units': 512, 'learning_rate': 0.0020279158385408773, 'optimizer': 'Adam', 'use_batch_norm': True}",22,1.5875,0.8569,1.7016,0.8572,0.8614,0.8569
"321","{'dropout': 0.07727021961106455, 'hidden_units': 128, 'learning_rate': 0.001065783606295028, 'optimizer': 'Adam', 'use_batch_norm': True}",17,1.5885,0.8808,1.7052,0.8792,0.882,0.8808
"322","{'dropout': 0.2798539578296221, 'hidden_units': 512, 'learning_rate': 0.0012408357894424598, 'optimizer': 'Adam', 'use_batch_norm': True}",22,1.5714,0.8591,1.6959,0.8616,0.8717,0.8591
"323","{'dropout': 0.009308601274772912, 'hidden_units': 512, 'learning_rate': 0.0015601390744159566, 'optimizer': 'Adam', 'use_batch_norm': True}",21,1.5642,0.8663,1.7003,0.8663,0.8691,0.8663
"324","{'dropout': 0.1352604190255001, 'hidden_units': 512, 'learning_rate': 0.0011595098157458621, 'optimizer': 'Adam', 'use_batch_norm': True}",6,1.6103,0.8575,1.7038,0.8588,0.8658,0.8575
"325","{'dropout': 0.11486181648557435, 'hidden_units': 512, 'learning_rate': 0.0012989372538390457, 'optimizer': 'Adam', 'use_batch_norm': True}",23,1.5651,0.8735,1.7011,0.8721,0.8736,0.8735
"326","{'dropout': 0.06318229031687994, 'hidden_units': 256, 'learning_rate': 0.001911582332332671, 'optimizer': 'Adam', 'use_batch_norm': True}",23,1.5689,0.8502,1.702,0.8516,0.8598,0.8502
"327","{'dropout': 0.23081956982491603, 'hidden_units': 64, 'learning_rate': 0.0014696892755735992, 'optimizer': 'Adam', 'use_batch_norm': False}",22,1.6486,0.8486,1.7067,0.8499,0.8539,0.8486
"328","{'dropout': 0.16771840067838878, 'hidden_units': 512, 'learning_rate': 0.0036270307331635852, 'optimizer': 'Adam', 'use_batch_norm': True}",18,1.5775,0.8552,1.7071,0.8568,0.8614,0.8552
"329","{'dropout': 0.10196519854890981, 'hidden_units': 512, 'learning_rate': 0.0013834594090011878, 'optimizer': 'Adam', 'use_batch_norm': True}",13,1.5759,0.8636,1.6964,0.8639,0.8699,0.8636
"330","{'dropout': 0.1199247309865685, 'hidden_units': 128, 'learning_rate': 0.007202849227813562, 'optimizer': 'Adam', 'use_batch_norm': True}",16,1.5932,0.8464,1.7067,0.8484,0.8573,0.8464
"331","{'dropout': 0.03782591989368911, 'hidden_units': 512, 'learning_rate': 0.0016883000551634246, 'optimizer': 'Adam', 'use_batch_norm': True}",17,1.5696,0.8774,1.6935,0.8756,0.877,0.8774
"332","{'dropout': 0.08948287467805655, 'hidden_units': 512, 'learning_rate': 0.002188226279084318, 'optimizer': 'Adam', 'use_batch_norm': True}",14,1.5796,0.8619,1.6982,0.8641,0.8714,0.8619
"333","{'dropout': 0.3022831706771949, 'hidden_units': 256, 'learning_rate': 0.0024011413978418986, 'optimizer': 'Adam', 'use_batch_norm': True}",18,1.5901,0.8625,1.7084,0.8631,0.8689,0.8625
"334","{'dropout': 0.18234828098899558, 'hidden_units': 512, 'learning_rate': 0.0010870481771005419, 'optimizer': 'Adam', 'use_batch_norm': False}",16,1.6358,0.853,1.6926,0.8551,0.8627,0.853
"335","{'dropout': 0.1522929407475322, 'hidden_units': 512, 'learning_rate': 0.001794947308933646, 'optimizer': 'Adam', 'use_batch_norm': True}",22,1.5704,0.8658,1.6956,0.8662,0.8705,0.8658
"336","{'dropout': 0.02747178810684722, 'hidden_units': 512, 'learning_rate': 0.0011628077836158856, 'optimizer': 'Adam', 'use_batch_norm': True}",24,1.5659,0.8669,1.6961,0.868,0.8721,0.8669
"337","{'dropout': 0.04956248195711334, 'hidden_units': 64, 'learning_rate': 0.001337748259670143, 'optimizer': 'Adam', 'use_batch_norm': True}",20,1.5875,0.8569,1.7082,0.8594,0.8666,0.8569
"338","{'dropout': 0.19334541347889955, 'hidden_units': 512, 'learning_rate': 0.001002001332984745, 'optimizer': 'Adam', 'use_batch_norm': True}",21,1.5708,0.8608,1.6975,0.8616,0.8663,0.8608
"339","{'dropout': 0.1422999491955348, 'hidden_units': 128, 'learning_rate': 0.002811786896516235, 'optimizer': 'Adam', 'use_batch_norm': True}",12,1.5942,0.8525,1.7063,0.8544,0.8599,0.8525
"340","{'dropout': 0.014842221055873324, 'hidden_units': 512, 'learning_rate': 0.0014867015868778404, 'optimizer': 'Adam', 'use_batch_norm': True}",17,1.5704,0.8647,1.6971,0.8645,0.8686,0.8647
"341","{'dropout': 0.21034540191792325, 'hidden_units': 512, 'learning_rate': 0.0012406319373015678, 'optimizer': 'Adam', 'use_batch_norm': True}",20,1.5719,0.858,1.6938,0.8592,0.867,0.858
"342","{'dropout': 0.07925501307522868, 'hidden_units': 256, 'learning_rate': 0.002044883458389204, 'optimizer': 'Adam', 'use_batch_norm': False}",12,1.6536,0.8514,1.6976,0.8543,0.8622,0.8514
"343","{'dropout': 0.0004939094227273816, 'hidden_units': 512, 'learning_rate': 0.0016593815475044722, 'optimizer': 'Adam', 'use_batch_norm': True}",19,1.5679,0.8719,1.6935,0.8707,0.8719,0.8719
"344","{'dropout': 0.12868904426614128, 'hidden_units': 512, 'learning_rate': 0.0030940845365833463, 'optimizer': 'Adam', 'use_batch_norm': True}",11,1.5885,0.853,1.7002,0.854,0.8657,0.853
"345","{'dropout': 0.26345792625167663, 'hidden_units': 64, 'learning_rate': 0.0010751171973723472, 'optimizer': 'Adam', 'use_batch_norm': True}",23,1.6177,0.8558,1.7177,0.8567,0.861,0.8558
"346","{'dropout': 0.06767136917699221, 'hidden_units': 512, 'learning_rate': 0.012712440887347366, 'optimizer': 'Adam', 'use_batch_norm': True}",23,1.5965,0.8663,1.6986,0.868,0.8739,0.8663
"347","{'dropout': 0.37332585908286586, 'hidden_units': 512, 'learning_rate': 0.00782278683581054, 'optimizer': 'Adam', 'use_batch_norm': True}",20,1.6051,0.8497,1.701,0.8529,0.8614,0.8497
"348","{'dropout': 0.22349028868651966, 'hidden_units': 512, 'learning_rate': 0.010189391623687842, 'optimizer': 'Adam', 'use_batch_norm': False}",0,2.449,0.0943,2.4553,0.0162,0.0089,0.0943
"349","{'dropout': 0.15876165469551662, 'hidden_units': 128, 'learning_rate': 0.0018641949227754715, 'optimizer': 'Adam', 'use_batch_norm': True}",21,1.581,0.8591,1.7012,0.8584,0.8607,0.8591
"350","{'dropout': 0.0996265104845483, 'hidden_units': 512, 'learning_rate': 0.006092532872051207, 'optimizer': 'Adam', 'use_batch_norm': True}",23,1.5834,0.8625,1.7014,0.8611,0.8635,0.8625
"351","{'dropout': 0.0410783743802941, 'hidden_units': 256, 'learning_rate': 0.00156159832335177, 'optimizer': 'Adam', 'use_batch_norm': True}",22,1.5687,0.8724,1.6904,0.8727,0.8751,0.8724
"352","{'dropout': 0.058577787612387716, 'hidden_units': 512, 'learning_rate': 0.001308167467638384, 'optimizer': 'Adam', 'use_batch_norm': True}",15,1.5727,0.8697,1.6964,0.8707,0.8758,0.8697
"353","{'dropout': 0.17542208002318205, 'hidden_units': 512, 'learning_rate': 0.0011536816031434015, 'optimizer': 'Adam', 'use_batch_norm': True}",23,1.5666,0.8763,1.698,0.8751,0.8763,0.8763
"354","{'dropout': 0.12102681268531408, 'hidden_units': 512, 'learning_rate': 0.002604880330542212, 'optimizer': 'Adam', 'use_batch_norm': True}",23,1.574,0.8669,1.6944,0.8667,0.8718,0.8669
"355","{'dropout': 0.08676360866040674, 'hidden_units': 64, 'learning_rate': 0.014466583267920864, 'optimizer': 'Adam', 'use_batch_norm': False}",18,1.8583,0.7316,1.8461,0.7061,0.6921,0.7316
"356","{'dropout': 0.028052687830005807, 'hidden_units': 512, 'learning_rate': 0.0023085824670228544, 'optimizer': 'Adam', 'use_batch_norm': True}",23,1.5699,0.8724,1.6944,0.8718,0.8736,0.8724
"357","{'dropout': 0.4187260263759339, 'hidden_units': 512, 'learning_rate': 0.019682616837277733, 'optimizer': 'Adam', 'use_batch_norm': True}",21,1.6658,0.8247,1.7294,0.8283,0.8438,0.8247
"358","{'dropout': 0.01607271242281075, 'hidden_units': 128, 'learning_rate': 0.0010069304704466116, 'optimizer': 'Adam', 'use_batch_norm': True}",10,1.6073,0.8647,1.7029,0.8656,0.8696,0.8647
"359","{'dropout': 0.0739558002047728, 'hidden_units': 512, 'learning_rate': 0.0013968095908402447, 'optimizer': 'RMSprop', 'use_batch_norm': True}",18,1.5732,0.8697,1.7051,0.87,0.8746,0.8697
"360","{'dropout': 0.13761358190572592, 'hidden_units': 512, 'learning_rate': 0.0019713627295986414, 'optimizer': 'Adam', 'use_batch_norm': True}",24,1.5678,0.8625,1.6976,0.863,0.8708,0.8625
"361","{'dropout': 0.10855143262293883, 'hidden_units': 256, 'learning_rate': 0.0044873437228922265, 'optimizer': 'Adam', 'use_batch_norm': True}",21,1.5789,0.858,1.7004,0.8592,0.8647,0.858
"362","{'dropout': 0.14804367418096637, 'hidden_units': 512, 'learning_rate': 0.0021334998021068185, 'optimizer': 'Adam', 'use_batch_norm': False}",23,1.7939,0.7881,1.8603,0.7554,0.7357,0.7881
"363","{'dropout': 0.09510273501679009, 'hidden_units': 512, 'learning_rate': 0.0012496837458562296, 'optimizer': 'Adam', 'use_batch_norm': True}",18,1.5691,0.8591,1.6988,0.8608,0.8693,0.8591
"364","{'dropout': 0.4526689214496172, 'hidden_units': 512, 'learning_rate': 0.0017368850334848075, 'optimizer': 'Adam', 'use_batch_norm': True}",14,1.5976,0.8575,1.703,0.8586,0.8613,0.8575
"365","{'dropout': 0.051598657079273864, 'hidden_units': 64, 'learning_rate': 0.001051899836606945, 'optimizer': 'Adam', 'use_batch_norm': True}",15,1.6073,0.858,1.7112,0.8593,0.8642,0.858
"366","{'dropout': 0.0002741428317502353, 'hidden_units': 512, 'learning_rate': 0.0015038235298057891, 'optimizer': 'RMSprop', 'use_batch_norm': True}",17,1.5736,0.8619,1.698,0.8638,0.87,0.8619
"367","{'dropout': 0.03995854642331727, 'hidden_units': 128, 'learning_rate': 0.001120247867469153, 'optimizer': 'Adam', 'use_batch_norm': True}",22,1.5778,0.8691,1.7061,0.8693,0.8723,0.8691
"368","{'dropout': 0.3242881703933709, 'hidden_units': 512, 'learning_rate': 0.0016133724116011948, 'optimizer': 'Adam', 'use_batch_norm': True}",23,1.575,0.8597,1.7011,0.8606,0.8636,0.8597
"369","{'dropout': 0.2356737587865307, 'hidden_units': 512, 'learning_rate': 0.001211223058574494, 'optimizer': 'Adam', 'use_batch_norm': False}",16,1.6385,0.8608,1.6934,0.8618,0.867,0.8608
"370","{'dropout': 0.2523100903216103, 'hidden_units': 256, 'learning_rate': 0.0013955193234242884, 'optimizer': 'Adam', 'use_batch_norm': True}",14,1.5904,0.858,1.7014,0.8597,0.8661,0.858
"371","{'dropout': 0.18879005184999034, 'hidden_units': 512, 'learning_rate': 0.002434690837984535, 'optimizer': 'Adam', 'use_batch_norm': True}",17,1.5762,0.8674,1.6976,0.8679,0.8695,0.8674
"372","{'dropout': 0.20114322303624785, 'hidden_units': 512, 'learning_rate': 0.005061537352068194, 'optimizer': 'Adam', 'use_batch_norm': True}",11,1.6031,0.8636,1.6986,0.864,0.8692,0.8636
"373","{'dropout': 0.1654048013405652, 'hidden_units': 64, 'learning_rate': 0.0040929678632345475, 'optimizer': 'RMSprop', 'use_batch_norm': True}",17,1.6036,0.8502,1.7142,0.8521,0.858,0.8502
"374","{'dropout': 0.13309800486910467, 'hidden_units': 512, 'learning_rate': 0.0033752902124666367, 'optimizer': 'Adam', 'use_batch_norm': True}",24,1.5724,0.8713,1.6982,0.8716,0.874,0.8713
"375","{'dropout': 0.07377355816794579, 'hidden_units': 512, 'learning_rate': 0.0018449142073731991, 'optimizer': 'Adam', 'use_batch_norm': True}",24,1.5653,0.8763,1.6916,0.8749,0.875,0.8763
"376","{'dropout': 0.022106408352018075, 'hidden_units': 128, 'learning_rate': 0.0027253984787573406, 'optimizer': 'Adam', 'use_batch_norm': False}",15,1.6495,0.8569,1.7038,0.8593,0.8643,0.8569
"377","{'dropout': 0.11910359472132542, 'hidden_units': 512, 'learning_rate': 0.0013096676559055294, 'optimizer': 'Adam', 'use_batch_norm': True}",13,1.5786,0.8636,1.7021,0.8641,0.87,0.8636
"378","{'dropout': 0.009858163975027453, 'hidden_units': 512, 'learning_rate': 0.003767349939907469, 'optimizer': 'Adam', 'use_batch_norm': True}",15,1.5793,0.8691,1.6949,0.8689,0.8701,0.8691
"379","{'dropout': 0.10488776517153589, 'hidden_units': 256, 'learning_rate': 0.0010026370012691495, 'optimizer': 'RMSprop', 'use_batch_norm': True}",7,1.6093,0.8597,1.702,0.8612,0.8678,0.8597
"380","{'dropout': 0.060380960834106066, 'hidden_units': 512, 'learning_rate': 0.0014634045179880303, 'optimizer': 'Adam', 'use_batch_norm': True}",22,1.5664,0.8669,1.6965,0.8692,0.8765,0.8669
"381","{'dropout': 0.030537589014355007, 'hidden_units': 512, 'learning_rate': 0.0022152438179492183, 'optimizer': 'Adam', 'use_batch_norm': True}",16,1.5708,0.8691,1.7001,0.8685,0.8712,0.8691
"382","{'dropout': 0.08915743829924706, 'hidden_units': 64, 'learning_rate': 0.0029542511369988838, 'optimizer': 'Adam', 'use_batch_norm': True}",22,1.5836,0.8475,1.7129,0.8477,0.8598,0.8475
"383","{'dropout': 0.1764565015769139, 'hidden_units': 512, 'learning_rate': 0.0016654116013116464, 'optimizer': 'Adam', 'use_batch_norm': False}",15,1.6499,0.8519,1.6971,0.8535,0.8622,0.8519
"384","{'dropout': 0.21403715313701605, 'hidden_units': 512, 'learning_rate': 0.0011334344127483277, 'optimizer': 'Adam', 'use_batch_norm': True}",22,1.5693,0.863,1.7011,0.8635,0.8679,0.863
"385","{'dropout': 0.04457806750425474, 'hidden_units': 128, 'learning_rate': 0.0012019016076203642, 'optimizer': 'Adam', 'use_batch_norm': True}",19,1.5777,0.8669,1.7005,0.8668,0.8691,0.8669
"386","{'dropout': 0.15783519777896066, 'hidden_units': 512, 'learning_rate': 0.0018976883567242827, 'optimizer': 'Adam', 'use_batch_norm': True}",21,1.5725,0.8669,1.6979,0.8673,0.8693,0.8669
"387","{'dropout': 0.06461789671756621, 'hidden_units': 512, 'learning_rate': 0.005405583342869014, 'optimizer': 'RMSprop', 'use_batch_norm': True}",23,1.5898,0.8447,1.7077,0.8461,0.8526,0.8447
"388","{'dropout': 0.3873751079884158, 'hidden_units': 512, 'learning_rate': 0.0020949553751095544, 'optimizer': 'Adam', 'use_batch_norm': True}",22,1.5815,0.8486,1.7025,0.8505,0.859,0.8486
"389","{'dropout': 0.08120481455258688, 'hidden_units': 256, 'learning_rate': 0.0015431155849775127, 'optimizer': 'Adam', 'use_batch_norm': True}",18,1.5736,0.8719,1.6949,0.8711,0.8765,0.8719
"390","{'dropout': 0.12904652940905964, 'hidden_units': 512, 'learning_rate': 0.0010534369767035972, 'optimizer': 'Adam', 'use_batch_norm': False}",24,1.6071,0.8669,1.6953,0.8671,0.8695,0.8669
"391","{'dropout': 0.14593728626714841, 'hidden_units': 64, 'learning_rate': 0.002500498791335364, 'optimizer': 'Adam', 'use_batch_norm': True}",24,1.5928,0.843,1.7163,0.8471,0.8567,0.843
"392","{'dropout': 0.2926820624864427, 'hidden_units': 512, 'learning_rate': 0.0017276011871230647, 'optimizer': 'Adam', 'use_batch_norm': True}",17,1.5838,0.8597,1.6969,0.8597,0.8656,0.8597
"393","{'dropout': 0.00017670088988254885, 'hidden_units': 512, 'learning_rate': 0.0013692059146190806, 'optimizer': 'Adam', 'use_batch_norm': True}",17,1.5686,0.873,1.6943,0.8728,0.8744,0.873
"394","{'dropout': 0.09493697618363932, 'hidden_units': 128, 'learning_rate': 0.001989368918900233, 'optimizer': 'RMSprop', 'use_batch_norm': True}",22,1.5758,0.8369,1.7163,0.8403,0.8561,0.8369
"395","{'dropout': 0.27131852009660207, 'hidden_units': 512, 'learning_rate': 0.0013100688625695806, 'optimizer': 'Adam', 'use_batch_norm': True}",14,1.5815,0.868,1.6987,0.8678,0.8694,0.868
"396","{'dropout': 0.11221112027092904, 'hidden_units': 512, 'learning_rate': 0.004739593907275643, 'optimizer': 'Adam', 'use_batch_norm': True}",21,1.5785,0.8747,1.6915,0.8742,0.8764,0.8747
"397","{'dropout': 0.05166007823819565, 'hidden_units': 256, 'learning_rate': 0.0015574566406380147, 'optimizer': 'Adam', 'use_batch_norm': False}",23,1.6146,0.868,1.6937,0.8691,0.8715,0.868
"398","{'dropout': 0.19475943743225577, 'hidden_units': 512, 'learning_rate': 0.011547034289974823, 'optimizer': 'Adam', 'use_batch_norm': True}",19,1.6065,0.858,1.6975,0.858,0.8635,0.858
"399","{'dropout': 0.019108964931938394, 'hidden_units': 512, 'learning_rate': 0.001796582211744418, 'optimizer': 'Adam', 'use_batch_norm': True}",23,1.5664,0.8702,1.6924,0.8701,0.8708,0.8702
"400","{'dropout': 0.034644949469343225, 'hidden_units': 64, 'learning_rate': 0.0084111342400411, 'optimizer': 'Adam', 'use_batch_norm': True}",17,1.592,0.8486,1.7091,0.8496,0.8559,0.8486
"401","{'dropout': 0.007101046691403429, 'hidden_units': 512, 'learning_rate': 0.0011166897486857277, 'optimizer': 'RMSprop', 'use_batch_norm': True}",23,1.5685,0.8641,1.7056,0.8641,0.8679,0.8641
"402","{'dropout': 0.07060483705359069, 'hidden_units': 512, 'learning_rate': 0.0012658168746863977, 'optimizer': 'Adam', 'use_batch_norm': True}",24,1.5675,0.8724,1.6915,0.8724,0.8733,0.8724
"403","{'dropout': 0.08699311801317063, 'hidden_units': 512, 'learning_rate': 0.001469432155787891, 'optimizer': 'Adam', 'use_batch_norm': True}",17,1.5725,0.8591,1.6962,0.8616,0.87,0.8591
"404","{'dropout': 0.05784663954511356, 'hidden_units': 512, 'learning_rate': 0.0011860883344610097, 'optimizer': 'Adam', 'use_batch_norm': True}",19,1.5681,0.8602,1.69,0.8627,0.869,0.8602
"405","{'dropout': 0.10520007465064919, 'hidden_units': 512, 'learning_rate': 0.0013585539527580465, 'optimizer': 'Adam', 'use_batch_norm': True}",23,1.5678,0.8697,1.7004,0.8686,0.8695,0.8697
"406","{'dropout': 0.07666105620190405, 'hidden_units': 512, 'learning_rate': 0.0010336877417676073, 'optimizer': 'Adam', 'use_batch_norm': True}",23,1.5659,0.8702,1.6969,0.8705,0.8739,0.8702
"407","{'dropout': 0.11932636154510395, 'hidden_units': 512, 'learning_rate': 0.0016461801810943415, 'optimizer': 'Adam', 'use_batch_norm': True}",15,1.5736,0.8425,1.698,0.8473,0.8651,0.8425
"408","{'dropout': 0.04788558730888788, 'hidden_units': 512, 'learning_rate': 0.0012358803268171731, 'optimizer': 'Adam', 'use_batch_norm': True}",23,1.5663,0.8747,1.6936,0.8742,0.8759,0.8747
"409","{'dropout': 0.06463703425210973, 'hidden_units': 512, 'learning_rate': 0.0014502183336897172, 'optimizer': 'Adam', 'use_batch_norm': True}",21,1.5676,0.8713,1.6869,0.8727,0.8763,0.8713
"410","{'dropout': 0.02845015459735934, 'hidden_units': 512, 'learning_rate': 0.0014547156293661498, 'optimizer': 'Adam', 'use_batch_norm': True}",13,1.5753,0.8702,1.6959,0.8691,0.8697,0.8702
"411","{'dropout': 0.038459909408882886, 'hidden_units': 512, 'learning_rate': 0.0010973048042061595, 'optimizer': 'Adam', 'use_batch_norm': True}",18,1.5676,0.8663,1.6913,0.8672,0.8703,0.8663
"412","{'dropout': 0.019190061452268835, 'hidden_units': 512, 'learning_rate': 0.001636193803197722, 'optimizer': 'Adam', 'use_batch_norm': True}",24,1.5646,0.8724,1.6867,0.8733,0.8764,0.8724
"413","{'dropout': 0.010420015379885357, 'hidden_units': 512, 'learning_rate': 0.0010000334086107405, 'optimizer': 'Adam', 'use_batch_norm': True}",23,1.5659,0.8719,1.6912,0.8723,0.8752,0.8719
"414","{'dropout': 0.02004205068657302, 'hidden_units': 512, 'learning_rate': 0.0011661707827046225, 'optimizer': 'Adam', 'use_batch_norm': True}",21,1.568,0.8669,1.7006,0.8689,0.8734,0.8669
"415","{'dropout': 0.0055977539283424745, 'hidden_units': 512, 'learning_rate': 0.0013829425872552115, 'optimizer': 'Adam', 'use_batch_norm': True}",21,1.5654,0.8796,1.69,0.8801,0.8826,0.8796
"416","{'dropout': 0.01894587880343014, 'hidden_units': 512, 'learning_rate': 0.0012635078033708445, 'optimizer': 'Adam', 'use_batch_norm': True}",19,1.5671,0.8669,1.6993,0.8682,0.8727,0.8669
"417","{'dropout': 0.0012783629347697199, 'hidden_units': 512, 'learning_rate': 0.001529370346585277, 'optimizer': 'Adam', 'use_batch_norm': True}",21,1.5668,0.8674,1.6899,0.8685,0.872,0.8674
"418","{'dropout': 0.00026476407594887286, 'hidden_units': 512, 'learning_rate': 0.0016504528362448095, 'optimizer': 'Adam', 'use_batch_norm': True}",21,1.5648,0.8741,1.6913,0.8743,0.8765,0.8741
"419","{'dropout': 0.03197715533370971, 'hidden_units': 512, 'learning_rate': 0.001045907139020978, 'optimizer': 'Adam', 'use_batch_norm': True}",24,1.5635,0.8686,1.6909,0.87,0.8749,0.8686
"420","{'dropout': 0.012846106595078541, 'hidden_units': 512, 'learning_rate': 0.0014350698978934772, 'optimizer': 'Adam', 'use_batch_norm': True}",23,1.5647,0.8763,1.6834,0.8773,0.8803,0.8763
"421","{'dropout': 0.050011281402158714, 'hidden_units': 512, 'learning_rate': 0.0017302935042967165, 'optimizer': 'Adam', 'use_batch_norm': True}",22,1.5674,0.8774,1.6859,0.878,0.8802,0.8774
"422","{'dropout': 0.014120578209690699, 'hidden_units': 512, 'learning_rate': 0.0017631849908815833, 'optimizer': 'Adam', 'use_batch_norm': True}",16,1.5694,0.8785,1.6922,0.8785,0.8792,0.8785
"423","{'dropout': 0.04205117587979107, 'hidden_units': 512, 'learning_rate': 0.0019386858132440618, 'optimizer': 'Adam', 'use_batch_norm': True}",7,1.5989,0.8619,1.7081,0.8625,0.8684,0.8619
"424","{'dropout': 0.028909456767168506, 'hidden_units': 512, 'learning_rate': 0.001617620688853606, 'optimizer': 'Adam', 'use_batch_norm': True}",7,1.5963,0.8514,1.6991,0.8534,0.8628,0.8514
"425","{'dropout': 0.05168883708054059, 'hidden_units': 512, 'learning_rate': 0.0018750640599578137, 'optimizer': 'Adam', 'use_batch_norm': True}",24,1.5685,0.8691,1.6951,0.8713,0.8779,0.8691
"426","{'dropout': 0.0389170066644934, 'hidden_units': 512, 'learning_rate': 0.002073562504402007, 'optimizer': 'Adam', 'use_batch_norm': True}",18,1.5727,0.8419,1.7042,0.8455,0.8583,0.8419
"427","{'dropout': 0.024282462424471924, 'hidden_units': 512, 'learning_rate': 0.0023028989473929343, 'optimizer': 'Adam', 'use_batch_norm': True}",24,1.5658,0.8713,1.6979,0.87,0.8731,0.8713
"428","{'dropout': 0.0005143541193862594, 'hidden_units': 128, 'learning_rate': 0.0013066742589531684, 'optimizer': 'Adam', 'use_batch_norm': True}",18,1.5781,0.8575,1.7117,0.8588,0.865,0.8575
"429","{'dropout': 0.011371388162597793, 'hidden_units': 512, 'learning_rate': 0.0015466521787354606, 'optimizer': 'Adam', 'use_batch_norm': True}",20,1.5687,0.8669,1.6905,0.8672,0.8714,0.8669
"430","{'dropout': 0.05434825556584099, 'hidden_units': 512, 'learning_rate': 0.0017919655499306873, 'optimizer': 'Adam', 'use_batch_norm': True}",15,1.5732,0.873,1.6887,0.8736,0.8749,0.873
"431","{'dropout': 0.044877373766303165, 'hidden_units': 256, 'learning_rate': 0.0014140179118504437, 'optimizer': 'Adam', 'use_batch_norm': True}",5,1.6214,0.8702,1.7004,0.8715,0.8771,0.8702
"432","{'dropout': 0.06989303629100803, 'hidden_units': 512, 'learning_rate': 0.0010002591443487683, 'optimizer': 'Adam', 'use_batch_norm': True}",21,1.5673,0.8785,1.689,0.8788,0.8797,0.8785
"433","{'dropout': 0.018040359945206044, 'hidden_units': 512, 'learning_rate': 0.0017183534401954967, 'optimizer': 'Adam', 'use_batch_norm': True}",24,1.5656,0.873,1.6935,0.8727,0.8741,0.873
"434","{'dropout': 0.02906615723905756, 'hidden_units': 64, 'learning_rate': 0.0011504755084296894, 'optimizer': 'Adam', 'use_batch_norm': True}",12,1.6131,0.8541,1.7086,0.857,0.8643,0.8541
"435","{'dropout': 0.05871542132835523, 'hidden_units': 512, 'learning_rate': 0.0021757314500263658, 'optimizer': 'Adam', 'use_batch_norm': False}",20,1.7994,0.7831,1.8478,0.7439,0.7122,0.7831
"436","{'dropout': 0.08241606377355493, 'hidden_units': 512, 'learning_rate': 0.001600344812948627, 'optimizer': 'Adam', 'use_batch_norm': True}",20,1.5694,0.8708,1.6888,0.872,0.8799,0.8708
"437","{'dropout': 0.010985186575499496, 'hidden_units': 512, 'learning_rate': 0.0012296033702247722, 'optimizer': 'Adam', 'use_batch_norm': True}",23,1.564,0.8741,1.6937,0.874,0.8767,0.8741
"438","{'dropout': 0.30884680179715596, 'hidden_units': 128, 'learning_rate': 0.001348302889662734, 'optimizer': 'Adam', 'use_batch_norm': True}",20,1.6018,0.8619,1.7106,0.8615,0.8638,0.8619
"439","{'dropout': 0.040531516443727905, 'hidden_units': 512, 'learning_rate': 0.0019234659734403694, 'optimizer': 'RMSprop', 'use_batch_norm': True}",24,1.5727,0.863,1.6924,0.8651,0.8717,0.863
"440","{'dropout': 0.06218201739454848, 'hidden_units': 512, 'learning_rate': 0.0010962729719026494, 'optimizer': 'Adam', 'use_batch_norm': True}",24,1.5642,0.8763,1.6923,0.8769,0.8802,0.8763
"441","{'dropout': 0.021188191626617746, 'hidden_units': 256, 'learning_rate': 0.0014937202583168465, 'optimizer': 'Adam', 'use_batch_norm': True}",21,1.5693,0.868,1.7053,0.8686,0.8729,0.868
"442","{'dropout': 0.048826695118534644, 'hidden_units': 512, 'learning_rate': 0.0020046069065334745, 'optimizer': 'Adam', 'use_batch_norm': True}",18,1.5713,0.8408,1.7076,0.844,0.8541,0.8408
"443","{'dropout': 0.03363803822033308, 'hidden_units': 512, 'learning_rate': 0.0013016113999542549, 'optimizer': 'Adam', 'use_batch_norm': False}",18,1.6207,0.8608,1.695,0.8626,0.869,0.8608
"444","{'dropout': 0.0002588678489181609, 'hidden_units': 64, 'learning_rate': 0.009356013109356064, 'optimizer': 'Adam', 'use_batch_norm': True}",23,1.5764,0.8602,1.6985,0.8613,0.8675,0.8602
"445","{'dropout': 0.3319348664772578, 'hidden_units': 512, 'learning_rate': 0.0017246317275016571, 'optimizer': 'Adam', 'use_batch_norm': True}",17,1.5844,0.8602,1.6955,0.8609,0.8681,0.8602
"446","{'dropout': 0.07228808075319523, 'hidden_units': 512, 'learning_rate': 0.001435510010040001, 'optimizer': 'Adam', 'use_batch_norm': True}",22,1.5661,0.8708,1.6963,0.8711,0.8744,0.8708
"447","{'dropout': 0.09357208206919788, 'hidden_units': 512, 'learning_rate': 0.0011814338787274246, 'optimizer': 'RMSprop', 'use_batch_norm': True}",19,1.5763,0.8719,1.701,0.8715,0.8734,0.8719
"448","{'dropout': 0.0017731833674335742, 'hidden_units': 128, 'learning_rate': 0.0010010315873068224, 'optimizer': 'Adam', 'use_batch_norm': True}",10,1.6049,0.8591,1.7039,0.8596,0.8651,0.8591
"449","{'dropout': 0.08225378012830832, 'hidden_units': 512, 'learning_rate': 0.0018257953204882283, 'optimizer': 'Adam', 'use_batch_norm': True}",18,1.5704,0.8686,1.6987,0.8688,0.871,0.8686
"450","{'dropout': 0.011802466933207325, 'hidden_units': 512, 'learning_rate': 0.0010814810897468387, 'optimizer': 'Adam', 'use_batch_norm': True}",24,1.5637,0.8747,1.6925,0.8746,0.8758,0.8747
"451","{'dropout': 0.0637156271457419, 'hidden_units': 256, 'learning_rate': 0.001597065469042351, 'optimizer': 'Adam', 'use_batch_norm': False}",15,1.6247,0.8686,1.6934,0.868,0.8693,0.8686
"452","{'dropout': 0.34813272376067494, 'hidden_units': 512, 'learning_rate': 0.002338816959804931, 'optimizer': 'Adam', 'use_batch_norm': True}",24,1.5789,0.8564,1.6996,0.8568,0.8604,0.8564
"453","{'dropout': 0.28523275017562966, 'hidden_units': 512, 'learning_rate': 0.001363066008402215, 'optimizer': 'Adam', 'use_batch_norm': True}",11,1.5922,0.8613,1.6992,0.8629,0.8715,0.8613
"454","{'dropout': 0.03486627680061872, 'hidden_units': 64, 'learning_rate': 0.0020969071825789267, 'optimizer': 'Adam', 'use_batch_norm': True}",24,1.5813,0.8641,1.7045,0.8631,0.8686,0.8641
"455","{'dropout': 0.023372827276679834, 'hidden_units': 512, 'learning_rate': 0.017721060702528466, 'optimizer': 'RMSprop', 'use_batch_norm': True}",24,1.8822,0.6994,1.9191,0.6336,0.5999,0.6994
"456","{'dropout': 0.05165218698641547, 'hidden_units': 512, 'learning_rate': 0.0012264806099914689, 'optimizer': 'Adam', 'use_batch_norm': True}",23,1.5653,0.8741,1.6857,0.8747,0.877,0.8741
"457","{'dropout': 0.048669521211854326, 'hidden_units': 512, 'learning_rate': 0.001132099498450696, 'optimizer': 'Adam', 'use_batch_norm': True}",21,1.565,0.873,1.69,0.8736,0.8775,0.873
"458","{'dropout': 0.025197536986264108, 'hidden_units': 128, 'learning_rate': 0.0016933027604047529, 'optimizer': 'Adam', 'use_batch_norm': True}",23,1.5711,0.8514,1.7074,0.8531,0.8605,0.8514
"459","{'dropout': 0.009754824166762786, 'hidden_units': 512, 'learning_rate': 0.001238443863386889, 'optimizer': 'Adam', 'use_batch_norm': False}",19,1.6125,0.8647,1.6917,0.8656,0.8691,0.8647
"460","{'dropout': 0.49860586566838627, 'hidden_units': 512, 'learning_rate': 0.0014997777006428294, 'optimizer': 'Adam', 'use_batch_norm': True}",22,1.5876,0.8636,1.6968,0.8643,0.8675,0.8636
"461","{'dropout': 0.05467596594006278, 'hidden_units': 256, 'learning_rate': 0.0013233829012860808, 'optimizer': 'Adam', 'use_batch_norm': True}",21,1.5691,0.8691,1.6937,0.8685,0.8705,0.8691
"462","{'dropout': 0.07453821347408349, 'hidden_units': 512, 'learning_rate': 0.002233003821684454, 'optimizer': 'Adam', 'use_batch_norm': True}",4,1.6228,0.8519,1.7056,0.8542,0.8672,0.8519
"463","{'dropout': 0.0007472184372148399, 'hidden_units': 512, 'learning_rate': 0.001049219008853366, 'optimizer': 'RMSprop', 'use_batch_norm': True}",24,1.5673,0.8641,1.6946,0.8652,0.8694,0.8641
"464","{'dropout': 0.042499563456081156, 'hidden_units': 64, 'learning_rate': 0.0014075567431780349, 'optimizer': 'Adam', 'use_batch_norm': True}",23,1.5854,0.8591,1.7071,0.859,0.8623,0.8591
"465","{'dropout': 5.886130191564906e-05, 'hidden_units': 512, 'learning_rate': 0.0018791878307632126, 'optimizer': 'Adam', 'use_batch_norm': True}",16,1.5698,0.8686,1.6897,0.8695,0.8726,0.8686
"466","{'dropout': 0.058522921913545134, 'hidden_units': 512, 'learning_rate': 0.0015802169230956728, 'optimizer': 'Adam', 'use_batch_norm': True}",22,1.5662,0.858,1.6985,0.8601,0.8689,0.858
"467","{'dropout': 0.03451210703751288, 'hidden_units': 512, 'learning_rate': 0.0012001737690357024, 'optimizer': 'Adam', 'use_batch_norm': False}",23,1.6146,0.8625,1.6972,0.8619,0.8636,0.8625
"468","{'dropout': 0.016787695536126093, 'hidden_units': 128, 'learning_rate': 0.0017608087171276316, 'optimizer': 'Adam', 'use_batch_norm': True}",13,1.5872,0.8663,1.6964,0.8676,0.8717,0.8663
"469","{'dropout': 0.06757247651696963, 'hidden_units': 512, 'learning_rate': 0.0011169913040488257, 'optimizer': 'Adam', 'use_batch_norm': True}",22,1.5653,0.8663,1.691,0.8686,0.8734,0.8663
"470","{'dropout': 0.09212942067494778, 'hidden_units': 512, 'learning_rate': 0.002730067582437309, 'optimizer': 'Adam', 'use_batch_norm': True}",22,1.5718,0.8625,1.6953,0.8643,0.8724,0.8625
"471","{'dropout': 0.030277257444680572, 'hidden_units': 256, 'learning_rate': 0.002047554621345674, 'optimizer': 'RMSprop', 'use_batch_norm': True}",14,1.582,0.8536,1.7081,0.8541,0.8639,0.8536
"472","{'dropout': 0.46968984169318573, 'hidden_units': 512, 'learning_rate': 0.001287579423139384, 'optimizer': 'Adam', 'use_batch_norm': True}",13,1.5988,0.8597,1.6982,0.8618,0.8693,0.8597
"473","{'dropout': 5.7671174483575616e-05, 'hidden_units': 512, 'learning_rate': 0.0015014574812055822, 'optimizer': 'Adam', 'use_batch_norm': True}",24,1.565,0.8708,1.6945,0.8717,0.8741,0.8708
"474","{'dropout': 0.43501363286397343, 'hidden_units': 512, 'learning_rate': 0.0016590628654937103, 'optimizer': 'Adam', 'use_batch_norm': True}",17,1.5885,0.8597,1.7001,0.8596,0.8656,0.8597
"475","{'dropout': 0.046708082461828254, 'hidden_units': 64, 'learning_rate': 0.002407352263548265, 'optimizer': 'Adam', 'use_batch_norm': True}",19,1.5858,0.8564,1.7117,0.8572,0.8632,0.8564
"476","{'dropout': 0.011968150524553474, 'hidden_units': 512, 'learning_rate': 0.0014005433588253863, 'optimizer': 'Adam', 'use_batch_norm': False}",18,1.6307,0.8669,1.692,0.8668,0.8703,0.8669
"477","{'dropout': 0.0994648115978964, 'hidden_units': 512, 'learning_rate': 0.0011820142588229016, 'optimizer': 'Adam', 'use_batch_norm': True}",22,1.5643,0.873,1.6938,0.8739,0.877,0.873
"478","{'dropout': 0.053589868207834714, 'hidden_units': 128, 'learning_rate': 0.001000019267802675, 'optimizer': 'Adam', 'use_batch_norm': True}",24,1.5752,0.8652,1.7012,0.8664,0.8707,0.8652
"479","{'dropout': 0.07781558399112237, 'hidden_units': 512, 'learning_rate': 0.0018910872830739435, 'optimizer': 'RMSprop', 'use_batch_norm': True}",18,1.5764,0.863,1.696,0.8647,0.8712,0.863
"480","{'dropout': 0.027604042590349976, 'hidden_units': 512, 'learning_rate': 0.0015716491149286448, 'optimizer': 'Adam', 'use_batch_norm': True}",23,1.5674,0.858,1.6988,0.8607,0.8702,0.858
"481","{'dropout': 0.08749644011357476, 'hidden_units': 256, 'learning_rate': 0.0010702278163139951, 'optimizer': 'Adam', 'use_batch_norm': True}",20,1.5727,0.8663,1.6986,0.867,0.8701,0.8663
"482","{'dropout': 0.0401448811076798, 'hidden_units': 512, 'learning_rate': 0.001974262580674172, 'optimizer': 'Adam', 'use_batch_norm': True}",9,1.587,0.8724,1.6955,0.8727,0.8767,0.8724
"483","{'dropout': 0.020902592673630514, 'hidden_units': 512, 'learning_rate': 0.001307377116439992, 'optimizer': 'Adam', 'use_batch_norm': False}",19,1.6289,0.8597,1.6908,0.8619,0.868,0.8597
"484","{'dropout': 0.06260872068446469, 'hidden_units': 512, 'learning_rate': 0.0014338560099461624, 'optimizer': 'Adam', 'use_batch_norm': True}",24,1.5637,0.8702,1.6946,0.8702,0.8727,0.8702
"485","{'dropout': 3.600233006828546e-05, 'hidden_units': 64, 'learning_rate': 0.002183464600924416, 'optimizer': 'Adam', 'use_batch_norm': True}",24,1.5789,0.8541,1.7014,0.8565,0.8633,0.8541
"486","{'dropout': 0.07601144279967664, 'hidden_units': 512, 'learning_rate': 0.0026230795270573127, 'optimizer': 'Adam', 'use_batch_norm': True}",22,1.5715,0.8625,1.698,0.8624,0.8687,0.8625
"487","{'dropout': 0.010776911612708008, 'hidden_units': 512, 'learning_rate': 0.0017861188890722112, 'optimizer': 'RMSprop', 'use_batch_norm': True}",6,1.6057,0.8625,1.7041,0.8617,0.8649,0.8625
"488","{'dropout': 0.034335414388153275, 'hidden_units': 128, 'learning_rate': 0.001147853873774484, 'optimizer': 'Adam', 'use_batch_norm': True}",18,1.5785,0.8525,1.7031,0.8553,0.8619,0.8525
"489","{'dropout': 0.06823200200334903, 'hidden_units': 512, 'learning_rate': 0.0012299473395596685, 'optimizer': 'Adam', 'use_batch_norm': True}",20,1.5676,0.8735,1.6913,0.874,0.8761,0.8735
"490","{'dropout': 0.047260749686778375, 'hidden_units': 512, 'learning_rate': 0.0016207883718260356, 'optimizer': 'Adam', 'use_batch_norm': True}",24,1.5654,0.8708,1.6996,0.8712,0.874,0.8708
"491","{'dropout': 0.10709356188483678, 'hidden_units': 256, 'learning_rate': 0.0010534266181257304, 'optimizer': 'Adam', 'use_batch_norm': False}",18,1.6206,0.8686,1.6952,0.8693,0.871,0.8686
"492","{'dropout': 0.01698152282076911, 'hidden_units': 512, 'learning_rate': 0.0015050206659230328, 'optimizer': 'Adam', 'use_batch_norm': True}",24,1.5685,0.8785,1.6918,0.8785,0.8792,0.8785
"493","{'dropout': 0.057193767595360906, 'hidden_units': 512, 'learning_rate': 0.0013637885061609718, 'optimizer': 'Adam', 'use_batch_norm': True}",14,1.5739,0.8708,1.6918,0.8725,0.88,0.8708
"494","{'dropout': 0.08066902401172188, 'hidden_units': 512, 'learning_rate': 0.0016887987077373518, 'optimizer': 'Adam', 'use_batch_norm': True}",22,1.5679,0.8719,1.6908,0.8719,0.8757,0.8719
"495","{'dropout': 0.0380948504249607, 'hidden_units': 64, 'learning_rate': 0.0010011662843973645, 'optimizer': 'RMSprop', 'use_batch_norm': True}",22,1.5897,0.8436,1.7142,0.8465,0.8557,0.8436
"496","{'dropout': 0.09271601295019469, 'hidden_units': 512, 'learning_rate': 0.0019998502067764615, 'optimizer': 'Adam', 'use_batch_norm': True}",20,1.5724,0.8686,1.6903,0.8688,0.8736,0.8686
"497","{'dropout': 0.0235286237796294, 'hidden_units': 512, 'learning_rate': 0.0011180785855964682, 'optimizer': 'Adam', 'use_batch_norm': True}",15,1.5726,0.8569,1.6949,0.8581,0.8654,0.8569
"498","{'dropout': 0.11403421912904527, 'hidden_units': 128, 'learning_rate': 0.0024764520129014066, 'optimizer': 'Adam', 'use_batch_norm': True}",23,1.5774,0.8719,1.6893,0.8729,0.8758,0.8719
"499","{'dropout': 0.00969695440865495, 'hidden_units': 512, 'learning_rate': 0.0012615525698341603, 'optimizer': 'Adam', 'use_batch_norm': False}",21,1.6117,0.8663,1.6961,0.8664,0.8696,0.8663
"500","{'dropout': 0.05279370762601202, 'hidden_units': 512, 'learning_rate': 0.0018337958967492491, 'optimizer': 'Adam', 'use_batch_norm': True}",19,1.5677,0.8658,1.6951,0.8668,0.8731,0.8658
