loss,params,iteration,accuracy,f1,precision,recall
"{'conv_layers': {'conv_layers': 3, 'filter_sizes': ({'filter1': 10}, {'filter2': 4}, {'filter3': 8})}, 'dropout': 0.35, 'filters': 250, 'learning_rate': 0.002988319430946123, 'optimizer': 'RMSprop', 'use_batch_norm': False}",2.454,2.4471,0,0.0484,0.0023,0.0484,0.0045
"{'conv_layers': {'conv_layers': 3, 'filter_sizes': ({'filter1': 7}, {'filter2': 6}, {'filter3': 5})}, 'dropout': 0.35, 'filters': 150, 'learning_rate': 0.00125022489424727, 'optimizer': 'Adam', 'use_batch_norm': True}",1.7874,1.8376,23,0.7284,0.6524,0.7284,0.6771
"{'conv_layers': {'conv_layers': 3, 'filter_sizes': ({'filter1': 11}, {'filter2': 8}, {'filter3': 7})}, 'dropout': 0.05, 'filters': 150, 'learning_rate': 0.009648788745874022, 'optimizer': 'Adam', 'use_batch_norm': False}",2.0275,2.0493,20,0.4695,0.3508,0.4695,0.3823
"{'conv_layers': {'conv_layers': 3, 'filter_sizes': ({'filter1': 4}, {'filter2': 15}, {'filter3': 6})}, 'dropout': 0.45, 'filters': 200, 'learning_rate': 0.005984104531890327, 'optimizer': 'RMSprop', 'use_batch_norm': False}",2.4529,2.4441,12,0.04,0.0016,0.04,0.0031
"{'conv_layers': {'conv_layers': 3, 'filter_sizes': ({'filter1': 6}, {'filter2': 10}, {'filter3': 2})}, 'dropout': 0.1, 'filters': 150, 'learning_rate': 0.005464703303758874, 'optimizer': 'RMSprop', 'use_batch_norm': True}",2.4453,2.4671,0,0.0358,0.0013,0.0358,0.0025
"{'conv_layers': {'conv_layers': 1, 'filter_sizes': ({'filter1': 11},)}, 'dropout': 0, 'filters': 200, 'learning_rate': 0.002064206303247061, 'optimizer': 'Adam', 'use_batch_norm': False}",1.5669,1.7206,21,0.8716,0.8712,0.8716,0.8694
"{'conv_layers': {'conv_layers': 2, 'filter_sizes': ({'filter1': 7}, {'filter2': 9})}, 'dropout': 0.45, 'filters': 150, 'learning_rate': 0.015119896663458874, 'optimizer': 'RMSprop', 'use_batch_norm': True}",2.4501,2.4608,0,0.0779,0.0061,0.0779,0.0113
"{'conv_layers': {'conv_layers': 2, 'filter_sizes': ({'filter1': 1}, {'filter2': 8})}, 'dropout': 0, 'filters': 100, 'learning_rate': 0.002673784004128799, 'optimizer': 'RMSprop', 'use_batch_norm': True}",2.4527,2.4536,0,0.0442,0.002,0.0442,0.0037
"{'conv_layers': {'conv_layers': 3, 'filter_sizes': ({'filter1': 3}, {'filter2': 10}, {'filter3': 13})}, 'dropout': 0.15, 'filters': 100, 'learning_rate': 0.00275770274063787, 'optimizer': 'RMSprop', 'use_batch_norm': False}",1.6143,1.7162,13,0.8632,0.8678,0.8632,0.8633
"{'conv_layers': {'conv_layers': 1, 'filter_sizes': ({'filter1': 2},)}, 'dropout': 0.05, 'filters': 250, 'learning_rate': 0.00927580683217105, 'optimizer': 'Adam', 'use_batch_norm': True}",2.2481,2.2583,17,0.2547,0.0941,0.2547,0.1315
"{'conv_layers': {'conv_layers': 3, 'filter_sizes': ({'filter1': 3}, {'filter2': 13}, {'filter3': 2})}, 'dropout': 0.35, 'filters': 100, 'learning_rate': 0.001979678223860251, 'optimizer': 'Adam', 'use_batch_norm': True}",1.8286,1.8705,23,0.7326,0.6924,0.7326,0.7052
"{'conv_layers': {'conv_layers': 2, 'filter_sizes': ({'filter1': 14}, {'filter2': 12})}, 'dropout': 0.45, 'filters': 100, 'learning_rate': 0.0017232265391013617, 'optimizer': 'RMSprop', 'use_batch_norm': False}",1.6245,1.7334,21,0.8505,0.8498,0.8505,0.8495
"{'conv_layers': {'conv_layers': 1, 'filter_sizes': ({'filter1': 7},)}, 'dropout': 0.2, 'filters': 200, 'learning_rate': 0.00150686715039929, 'optimizer': 'Adam', 'use_batch_norm': True}",1.7157,1.8014,23,0.7768,0.7347,0.7768,0.7526
"{'conv_layers': {'conv_layers': 3, 'filter_sizes': ({'filter1': 6}, {'filter2': 10}, {'filter3': 14})}, 'dropout': 0.05, 'filters': 100, 'learning_rate': 0.007401958651063728, 'optimizer': 'RMSprop', 'use_batch_norm': True}",2.4495,2.4497,0,0.0568,0.0032,0.0568,0.0061
"{'conv_layers': {'conv_layers': 3, 'filter_sizes': ({'filter1': 12}, {'filter2': 2}, {'filter3': 14})}, 'dropout': 0.3, 'filters': 100, 'learning_rate': 0.0010829103382324807, 'optimizer': 'RMSprop', 'use_batch_norm': False}",1.5948,1.7434,24,0.8674,0.8802,0.8674,0.8691
"{'conv_layers': {'conv_layers': 3, 'filter_sizes': ({'filter1': 11}, {'filter2': 11}, {'filter3': 5})}, 'dropout': 0.25, 'filters': 150, 'learning_rate': 0.002351699796334915, 'optimizer': 'Adam', 'use_batch_norm': True}",1.9309,1.9921,20,0.6589,0.518,0.6589,0.5721
"{'conv_layers': {'conv_layers': 2, 'filter_sizes': ({'filter1': 10}, {'filter2': 8})}, 'dropout': 0.4, 'filters': 250, 'learning_rate': 0.006911254658804624, 'optimizer': 'RMSprop', 'use_batch_norm': False}",2.4522,2.447,0,0.1811,0.0328,0.1811,0.0555
"{'conv_layers': {'conv_layers': 2, 'filter_sizes': ({'filter1': 14}, {'filter2': 3})}, 'dropout': 0.4, 'filters': 250, 'learning_rate': 0.009702430300845973, 'optimizer': 'RMSprop', 'use_batch_norm': False}",2.4549,2.4461,0,0.1179,0.0139,0.1179,0.0249
"{'conv_layers': {'conv_layers': 2, 'filter_sizes': ({'filter1': 11}, {'filter2': 11})}, 'dropout': 0.4, 'filters': 100, 'learning_rate': 0.006024043110865384, 'optimizer': 'Adam', 'use_batch_norm': False}",1.6524,1.7507,16,0.7684,0.7909,0.7684,0.771
"{'conv_layers': {'conv_layers': 3, 'filter_sizes': ({'filter1': 1}, {'filter2': 14}, {'filter3': 3})}, 'dropout': 0.05, 'filters': 150, 'learning_rate': 0.003248943045394101, 'optimizer': 'RMSprop', 'use_batch_norm': True}",2.4553,2.4469,0,0.0337,0.0011,0.0337,0.0022
"{'conv_layers': {'conv_layers': 1, 'filter_sizes': ({'filter1': 14},)}, 'dropout': 0.15, 'filters': 200, 'learning_rate': 0.003753542234377309, 'optimizer': 'Adam', 'use_batch_norm': False}",1.5865,1.7188,15,0.84,0.8427,0.84,0.8371
"{'conv_layers': {'conv_layers': 1, 'filter_sizes': ({'filter1': 15},)}, 'dropout': 0.15, 'filters': 200, 'learning_rate': 0.003924854736976476, 'optimizer': 'Adam', 'use_batch_norm': False}",1.5828,1.7269,17,0.8695,0.873,0.8695,0.8698
"{'conv_layers': {'conv_layers': 1, 'filter_sizes': ({'filter1': 14},)}, 'dropout': 0.15, 'filters': 200, 'learning_rate': 0.004318498529085376, 'optimizer': 'Adam', 'use_batch_norm': False}",1.5929,1.7216,15,0.8358,0.8425,0.8358,0.8325
"{'conv_layers': {'conv_layers': 1, 'filter_sizes': ({'filter1': 6},)}, 'dropout': 0.15, 'filters': 200, 'learning_rate': 0.0036946531543669598, 'optimizer': 'Adam', 'use_batch_norm': False}",1.5981,1.7172,18,0.8421,0.8468,0.8421,0.8416
"{'conv_layers': {'conv_layers': 1, 'filter_sizes': ({'filter1': 2},)}, 'dropout': 0.5, 'filters': 100, 'learning_rate': 0.014891900120416302, 'optimizer': 'Adam', 'use_batch_norm': False}",1.8135,1.8151,10,0.7242,0.7524,0.7242,0.7315
"{'conv_layers': {'conv_layers': 1, 'filter_sizes': ({'filter1': 6},)}, 'dropout': 0.15, 'filters': 200, 'learning_rate': 0.00458889735964443, 'optimizer': 'RMSprop', 'use_batch_norm': False}",2.4503,2.4578,0,0.0547,0.003,0.0547,0.0057
"{'conv_layers': {'conv_layers': 1, 'filter_sizes': ({'filter1': 10},)}, 'dropout': 0.15, 'filters': 200, 'learning_rate': 0.002577781689756622, 'optimizer': 'Adam', 'use_batch_norm': False}",1.5799,1.6999,21,0.8253,0.8364,0.8253,0.8262
"{'conv_layers': {'conv_layers': 1, 'filter_sizes': ({'filter1': 10},)}, 'dropout': 0.1, 'filters': 100, 'learning_rate': 0.0014707195032685424, 'optimizer': 'RMSprop', 'use_batch_norm': False}",1.6048,1.7308,22,0.8611,0.8661,0.8611,0.8609
"{'conv_layers': {'conv_layers': 3, 'filter_sizes': ({'filter1': 15}, {'filter2': 1}, {'filter3': 11})}, 'dropout': 0.5, 'filters': 250, 'learning_rate': 0.0028877641880100976, 'optimizer': 'RMSprop', 'use_batch_norm': False}",2.4499,2.4494,0,0.1747,0.0305,0.1747,0.052
"{'conv_layers': {'conv_layers': 1, 'filter_sizes': ({'filter1': 11},)}, 'dropout': 0.15, 'filters': 200, 'learning_rate': 0.002353122446957534, 'optimizer': 'Adam', 'use_batch_norm': False}",1.5779,1.7201,23,0.8568,0.862,0.8568,0.8571
"{'conv_layers': {'conv_layers': 3, 'filter_sizes': ({'filter1': 1}, {'filter2': 7}, {'filter3': 11})}, 'dropout': 0.3, 'filters': 100, 'learning_rate': 0.001150227495274553, 'optimizer': 'RMSprop', 'use_batch_norm': False}",1.6209,1.716,20,0.8653,0.8646,0.8653,0.8641
"{'conv_layers': {'conv_layers': 3, 'filter_sizes': ({'filter1': 1}, {'filter2': 5}, {'filter3': 10})}, 'dropout': 0.3, 'filters': 100, 'learning_rate': 0.0011593872106048545, 'optimizer': 'Adam', 'use_batch_norm': False}",1.6236,1.7127,23,0.8611,0.8679,0.8611,0.8627
"{'conv_layers': {'conv_layers': 3, 'filter_sizes': ({'filter1': 9}, {'filter2': 3}, {'filter3': 9})}, 'dropout': 0.3, 'filters': 200, 'learning_rate': 0.0010039423269011718, 'optimizer': 'Adam', 'use_batch_norm': False}",1.6076,1.7231,18,0.8211,0.8248,0.8211,0.8221
"{'conv_layers': {'conv_layers': 1, 'filter_sizes': ({'filter1': 4},)}, 'dropout': 0.3, 'filters': 250, 'learning_rate': 0.0013382333416989474, 'optimizer': 'Adam', 'use_batch_norm': False}",1.6504,1.7387,21,0.8653,0.8717,0.8653,0.8669
"{'conv_layers': {'conv_layers': 3, 'filter_sizes': ({'filter1': 15}, {'filter2': 5}, {'filter3': 11})}, 'dropout': 0.2, 'filters': 200, 'learning_rate': 0.0017342641960193675, 'optimizer': 'Adam', 'use_batch_norm': False}",1.5676,1.7102,21,0.8632,0.8703,0.8632,0.8647
"{'conv_layers': {'conv_layers': 3, 'filter_sizes': ({'filter1': 15}, {'filter2': 1}, {'filter3': 12})}, 'dropout': 0.2, 'filters': 200, 'learning_rate': 0.0018057775201468442, 'optimizer': 'Adam', 'use_batch_norm': False}",1.5644,1.6919,24,0.8821,0.8872,0.8821,0.8821
"{'conv_layers': {'conv_layers': 1, 'filter_sizes': ({'filter1': 9},)}, 'dropout': 0.2, 'filters': 200, 'learning_rate': 0.002136087263254243, 'optimizer': 'Adam', 'use_batch_norm': False}",1.5885,1.7254,21,0.8716,0.8763,0.8716,0.8705
"{'conv_layers': {'conv_layers': 2, 'filter_sizes': ({'filter1': 1}, {'filter2': 2})}, 'dropout': 0.25, 'filters': 200, 'learning_rate': 0.0017744822788911933, 'optimizer': 'Adam', 'use_batch_norm': False}",1.6481,1.7281,24,0.8211,0.8345,0.8211,0.8252
"{'conv_layers': {'conv_layers': 3, 'filter_sizes': ({'filter1': 13}, {'filter2': 1}, {'filter3': 13})}, 'dropout': 0.2, 'filters': 200, 'learning_rate': 0.003188047993313882, 'optimizer': 'Adam', 'use_batch_norm': False}",1.5737,1.714,20,0.8484,0.8556,0.8484,0.8481
"{'conv_layers': {'conv_layers': 1, 'filter_sizes': ({'filter1': 12},)}, 'dropout': 0.35, 'filters': 150, 'learning_rate': 0.01844349382417677, 'optimizer': 'Adam', 'use_batch_norm': False}",1.9931,1.9903,19,0.5979,0.4756,0.5979,0.5066
"{'conv_layers': {'conv_layers': 3, 'filter_sizes': ({'filter1': 14}, {'filter2': 8}, {'filter3': 15})}, 'dropout': 0, 'filters': 200, 'learning_rate': 0.004753825923233566, 'optimizer': 'Adam', 'use_batch_norm': True}",2.2436,2.2367,17,0.2821,0.1099,0.2821,0.1532
"{'conv_layers': {'conv_layers': 2, 'filter_sizes': ({'filter1': 5}, {'filter2': 15})}, 'dropout': 0.1, 'filters': 200, 'learning_rate': 0.0024049899772256413, 'optimizer': 'Adam', 'use_batch_norm': False}",1.5669,1.7031,21,0.8337,0.8368,0.8337,0.8333
"{'conv_layers': {'conv_layers': 1, 'filter_sizes': ({'filter1': 4},)}, 'dropout': 0.2, 'filters': 150, 'learning_rate': 0.0014237672651313785, 'optimizer': 'Adam', 'use_batch_norm': True}",1.6989,1.7559,24,0.7916,0.8024,0.7916,0.7949
"{'conv_layers': {'conv_layers': 3, 'filter_sizes': ({'filter1': 8}, {'filter2': 3}, {'filter3': 12})}, 'dropout': 0.45, 'filters': 200, 'learning_rate': 0.0019361842565843073, 'optimizer': 'Adam', 'use_batch_norm': False}",1.5939,1.7232,22,0.8779,0.8846,0.8779,0.8795
"{'conv_layers': {'conv_layers': 3, 'filter_sizes': ({'filter1': 14}, {'filter2': 2}, {'filter3': 4})}, 'dropout': 0.35, 'filters': 200, 'learning_rate': 0.002654316071250105, 'optimizer': 'Adam', 'use_batch_norm': True}",2.2614,2.2637,19,0.1979,0.0418,0.1979,0.0686
"{'conv_layers': {'conv_layers': 1, 'filter_sizes': ({'filter1': 13},)}, 'dropout': 0, 'filters': 250, 'learning_rate': 0.0056970371009923805, 'optimizer': 'Adam', 'use_batch_norm': False}",1.5766,1.7226,19,0.8337,0.8452,0.8337,0.8354
"{'conv_layers': {'conv_layers': 2, 'filter_sizes': ({'filter1': 4}, {'filter2': 5})}, 'dropout': 0.2, 'filters': 150, 'learning_rate': 0.0016080608837982335, 'optimizer': 'Adam', 'use_batch_norm': False}",1.6011,1.7237,23,0.8421,0.8513,0.8421,0.8445
"{'conv_layers': {'conv_layers': 3, 'filter_sizes': ({'filter1': 13}, {'filter2': 12}, {'filter3': 8})}, 'dropout': 0.25, 'filters': 200, 'learning_rate': 0.0013283007736585638, 'optimizer': 'Adam', 'use_batch_norm': True}",2.0046,2.0534,12,0.5558,0.3605,0.5558,0.432
"{'conv_layers': {'conv_layers': 1, 'filter_sizes': ({'filter1': 9},)}, 'dropout': 0.5, 'filters': 200, 'learning_rate': 0.0010026247290131963, 'optimizer': 'Adam', 'use_batch_norm': False}",1.6763,1.7616,19,0.8189,0.8293,0.8189,0.8202
"{'conv_layers': {'conv_layers': 2, 'filter_sizes': ({'filter1': 10}, {'filter2': 14})}, 'dropout': 0.45, 'filters': 250, 'learning_rate': 0.010643486329292502, 'optimizer': 'Adam', 'use_batch_norm': False}",2.2074,2.1745,5,0.2442,0.1208,0.2442,0.1518
"{'conv_layers': {'conv_layers': 3, 'filter_sizes': ({'filter1': 10}, {'filter2': 7}, {'filter3': 15})}, 'dropout': 0.05, 'filters': 150, 'learning_rate': 0.0049827123193741454, 'optimizer': 'Adam', 'use_batch_norm': True}",2.1625,2.1867,12,0.4126,0.2564,0.4126,0.2965
"{'conv_layers': {'conv_layers': 1, 'filter_sizes': ({'filter1': 8},)}, 'dropout': 0.1, 'filters': 200, 'learning_rate': 0.007442210321309756, 'optimizer': 'Adam', 'use_batch_norm': False}",1.6081,1.7239,24,0.8147,0.8252,0.8147,0.8172
"{'conv_layers': {'conv_layers': 3, 'filter_sizes': ({'filter1': 5}, {'filter2': 4}, {'filter3': 9})}, 'dropout': 0.4, 'filters': 200, 'learning_rate': 0.0020135982196176493, 'optimizer': 'Adam', 'use_batch_norm': False}",1.5896,1.705,24,0.8547,0.8583,0.8547,0.8552
"{'conv_layers': {'conv_layers': 2, 'filter_sizes': ({'filter1': 3}, {'filter2': 5})}, 'dropout': 0.2, 'filters': 250, 'learning_rate': 0.0032050356328743894, 'optimizer': 'RMSprop', 'use_batch_norm': True}",2.4488,2.4439,0,0.1158,0.0134,0.1158,0.024
"{'conv_layers': {'conv_layers': 1, 'filter_sizes': ({'filter1': 1},)}, 'dropout': 0.15, 'filters': 200, 'learning_rate': 0.0025400123222337877, 'optimizer': 'Adam', 'use_batch_norm': False}",1.6835,1.718,23,0.8147,0.8315,0.8147,0.8147
"{'conv_layers': {'conv_layers': 3, 'filter_sizes': ({'filter1': 8}, {'filter2': 9}, {'filter3': 1})}, 'dropout': 0, 'filters': 150, 'learning_rate': 0.0034279619615265686, 'optimizer': 'Adam', 'use_batch_norm': False}",1.5697,1.7076,21,0.8737,0.8803,0.8737,0.8742
"{'conv_layers': {'conv_layers': 1, 'filter_sizes': ({'filter1': 4},)}, 'dropout': 0.35, 'filters': 200, 'learning_rate': 0.004174824686793212, 'optimizer': 'RMSprop', 'use_batch_norm': False}",1.6668,1.7279,20,0.8232,0.8332,0.8232,0.8243
"{'conv_layers': {'conv_layers': 3, 'filter_sizes': ({'filter1': 14}, {'filter2': 6}, {'filter3': 7})}, 'dropout': 0.25, 'filters': 200, 'learning_rate': 0.0021528601815900697, 'optimizer': 'Adam', 'use_batch_norm': True}",1.9203,1.9885,17,0.6779,0.5266,0.6779,0.5862
"{'conv_layers': {'conv_layers': 2, 'filter_sizes': ({'filter1': 7}, {'filter2': 5})}, 'dropout': 0.15, 'filters': 250, 'learning_rate': 0.0028929802384033373, 'optimizer': 'RMSprop', 'use_batch_norm': False}",2.4549,2.4431,15,0.0905,0.0082,0.0905,0.015
"{'conv_layers': {'conv_layers': 1, 'filter_sizes': ({'filter1': 5},)}, 'dropout': 0.05, 'filters': 100, 'learning_rate': 0.012376093200571191, 'optimizer': 'Adam', 'use_batch_norm': False}",1.8435,1.9333,21,0.7474,0.6331,0.7474,0.6825
"{'conv_layers': {'conv_layers': 3, 'filter_sizes': ({'filter1': 12}, {'filter2': 2}, {'filter3': 10})}, 'dropout': 0.5, 'filters': 200, 'learning_rate': 0.008441652510741521, 'optimizer': 'Adam', 'use_batch_norm': False}",2.0528,2.0539,21,0.4358,0.2887,0.4358,0.3283
"{'conv_layers': {'conv_layers': 1, 'filter_sizes': ({'filter1': 12},)}, 'dropout': 0.4, 'filters': 150, 'learning_rate': 0.006679562425108779, 'optimizer': 'RMSprop', 'use_batch_norm': True}",2.45,2.458,0,0.0632,0.004,0.0632,0.0075
"{'conv_layers': {'conv_layers': 3, 'filter_sizes': ({'filter1': 9}, {'filter2': 3}, {'filter3': 13})}, 'dropout': 0.45, 'filters': 200, 'learning_rate': 0.001549471172145447, 'optimizer': 'Adam', 'use_batch_norm': False}",1.5882,1.7261,24,0.8611,0.8671,0.8611,0.8618
"{'conv_layers': {'conv_layers': 1, 'filter_sizes': ({'filter1': 15},)}, 'dropout': 0.15, 'filters': 100, 'learning_rate': 0.0052443184657159575, 'optimizer': 'Adam', 'use_batch_norm': False}",1.6084,1.7334,17,0.8253,0.8309,0.8253,0.8257
"{'conv_layers': {'conv_layers': 2, 'filter_sizes': ({'filter1': 12}, {'filter2': 1})}, 'dropout': 0.2, 'filters': 200, 'learning_rate': 0.0011962008773776, 'optimizer': 'RMSprop', 'use_batch_norm': False}",1.6024,1.7166,17,0.8737,0.8812,0.8737,0.8739
"{'conv_layers': {'conv_layers': 2, 'filter_sizes': ({'filter1': 5}, {'filter2': 15})}, 'dropout': 0.1, 'filters': 200, 'learning_rate': 0.0022420422561609124, 'optimizer': 'Adam', 'use_batch_norm': False}",1.5714,1.7012,17,0.8737,0.8778,0.8737,0.8723
"{'conv_layers': {'conv_layers': 2, 'filter_sizes': ({'filter1': 8}, {'filter2': 12})}, 'dropout': 0.1, 'filters': 200, 'learning_rate': 0.0019096355445887949, 'optimizer': 'Adam', 'use_batch_norm': False}",1.5867,1.7062,13,0.8463,0.8521,0.8463,0.848
"{'conv_layers': {'conv_layers': 2, 'filter_sizes': ({'filter1': 3}, {'filter2': 15})}, 'dropout': 0.1, 'filters': 200, 'learning_rate': 0.0016630039549257209, 'optimizer': 'Adam', 'use_batch_norm': False}",1.5669,1.7093,24,0.8463,0.848,0.8463,0.8457
"{'conv_layers': {'conv_layers': 2, 'filter_sizes': ({'filter1': 6}, {'filter2': 10})}, 'dropout': 0.1, 'filters': 200, 'learning_rate': 0.0021677581276658953, 'optimizer': 'Adam', 'use_batch_norm': False}",1.5761,1.7124,17,0.8842,0.8869,0.8842,0.8838
"{'conv_layers': {'conv_layers': 2, 'filter_sizes': ({'filter1': 9}, {'filter2': 13})}, 'dropout': 0.1, 'filters': 200, 'learning_rate': 0.0039393671137461445, 'optimizer': 'Adam', 'use_batch_norm': False}",1.5736,1.7044,24,0.8295,0.847,0.8295,0.8337
"{'conv_layers': {'conv_layers': 2, 'filter_sizes': ({'filter1': 2}, {'filter2': 7})}, 'dropout': 0.15, 'filters': 200, 'learning_rate': 0.003604275316614939, 'optimizer': 'Adam', 'use_batch_norm': False}",1.5823,1.7071,23,0.8674,0.8725,0.8674,0.8683
"{'conv_layers': {'conv_layers': 2, 'filter_sizes': ({'filter1': 12}, {'filter2': 13})}, 'dropout': 0.1, 'filters': 200, 'learning_rate': 0.001850718930707972, 'optimizer': 'Adam', 'use_batch_norm': False}",1.5643,1.7113,20,0.8442,0.8499,0.8442,0.8439
"{'conv_layers': {'conv_layers': 2, 'filter_sizes': ({'filter1': 15}, {'filter2': 10})}, 'dropout': 0.2, 'filters': 200, 'learning_rate': 0.002523554755236975, 'optimizer': 'Adam', 'use_batch_norm': False}",1.5741,1.7178,19,0.8716,0.8712,0.8716,0.8706
"{'conv_layers': {'conv_layers': 2, 'filter_sizes': ({'filter1': 5}, {'filter2': 6})}, 'dropout': 0.05, 'filters': 200, 'learning_rate': 0.0010552278171132084, 'optimizer': 'Adam', 'use_batch_norm': False}",1.5864,1.7051,24,0.8568,0.8582,0.8568,0.8559
"{'conv_layers': {'conv_layers': 3, 'filter_sizes': ({'filter1': 10}, {'filter2': 4}, {'filter3': 8})}, 'dropout': 0.35, 'filters': 250, 'learning_rate': 0.0027430374586799133, 'optimizer': 'Adam', 'use_batch_norm': False}",1.5959,1.7124,16,0.8653,0.8705,0.8653,0.8649
"{'conv_layers': {'conv_layers': 1, 'filter_sizes': ({'filter1': 8},)}, 'dropout': 0.3, 'filters': 100, 'learning_rate': 0.00315833518452299, 'optimizer': 'Adam', 'use_batch_norm': False}",1.6325,1.7434,23,0.8084,0.8347,0.8084,0.8112
"{'conv_layers': {'conv_layers': 2, 'filter_sizes': ({'filter1': 8}, {'filter2': 14})}, 'dropout': 0, 'filters': 200, 'learning_rate': 0.001295199136034535, 'optimizer': 'Adam', 'use_batch_norm': False}",1.5625,1.7119,24,0.8568,0.8615,0.8568,0.8572
"{'conv_layers': {'conv_layers': 3, 'filter_sizes': ({'filter1': 7}, {'filter2': 6}, {'filter3': 6})}, 'dropout': 0.25, 'filters': 200, 'learning_rate': 0.002296268567332903, 'optimizer': 'Adam', 'use_batch_norm': False}",1.5755,1.7152,24,0.8653,0.87,0.8653,0.8661
"{'conv_layers': {'conv_layers': 1, 'filter_sizes': ({'filter1': 10},)}, 'dropout': 0.2, 'filters': 150, 'learning_rate': 0.0014489732307716556, 'optimizer': 'Adam', 'use_batch_norm': True}",1.6691,1.7661,24,0.8505,0.8581,0.8505,0.8498
"{'conv_layers': {'conv_layers': 2, 'filter_sizes': ({'filter1': 13}, {'filter2': 10})}, 'dropout': 0.5, 'filters': 200, 'learning_rate': 0.0017493996625145363, 'optimizer': 'Adam', 'use_batch_norm': False}",1.6033,1.7288,21,0.8253,0.8409,0.8253,0.8278
"{'conv_layers': {'conv_layers': 3, 'filter_sizes': ({'filter1': 11}, {'filter2': 15}, {'filter3': 4})}, 'dropout': 0.15, 'filters': 250, 'learning_rate': 0.002929856598679237, 'optimizer': 'RMSprop', 'use_batch_norm': False}",2.4476,2.4446,0,0.1158,0.0134,0.1158,0.024
"{'conv_layers': {'conv_layers': 1, 'filter_sizes': ({'filter1': 2},)}, 'dropout': 0.45, 'filters': 100, 'learning_rate': 0.004074771560963284, 'optimizer': 'Adam', 'use_batch_norm': False}",1.7433,1.7796,18,0.7874,0.8027,0.7874,0.7884
"{'conv_layers': {'conv_layers': 3, 'filter_sizes': ({'filter1': 3}, {'filter2': 12}, {'filter3': 7})}, 'dropout': 0.4, 'filters': 200, 'learning_rate': 0.0045183704108008454, 'optimizer': 'Adam', 'use_batch_norm': False}",1.6227,1.7304,24,0.8421,0.849,0.8421,0.8421
"{'conv_layers': {'conv_layers': 1, 'filter_sizes': ({'filter1': 12},)}, 'dropout': 0.1, 'filters': 200, 'learning_rate': 0.003565621483156384, 'optimizer': 'Adam', 'use_batch_norm': True}",2.0069,2.0295,24,0.5789,0.4034,0.5789,0.4648
"{'conv_layers': {'conv_layers': 2, 'filter_sizes': ({'filter1': 6}, {'filter2': 3})}, 'dropout': 0.2, 'filters': 150, 'learning_rate': 0.0022588609888861974, 'optimizer': 'Adam', 'use_batch_norm': False}",1.5913,1.7143,24,0.8653,0.8686,0.8653,0.8656
"{'conv_layers': {'conv_layers': 3, 'filter_sizes': ({'filter1': 12}, {'filter2': 9}, {'filter3': 9})}, 'dropout': 0.15, 'filters': 200, 'learning_rate': 0.0010928785062648896, 'optimizer': 'RMSprop', 'use_batch_norm': False}",1.5833,1.7034,19,0.8737,0.8843,0.8737,0.8767
"{'conv_layers': {'conv_layers': 1, 'filter_sizes': ({'filter1': 7},)}, 'dropout': 0.3, 'filters': 200, 'learning_rate': 0.0014149169578134974, 'optimizer': 'Adam', 'use_batch_norm': False}",1.624,1.7207,22,0.8653,0.8709,0.8653,0.8655
"{'conv_layers': {'conv_layers': 2, 'filter_sizes': ({'filter1': 2}, {'filter2': 14})}, 'dropout': 0.35, 'filters': 250, 'learning_rate': 0.0012263134214145648, 'optimizer': 'Adam', 'use_batch_norm': True}",1.933,1.9793,21,0.6189,0.4692,0.6189,0.5245
"{'conv_layers': {'conv_layers': 3, 'filter_sizes': ({'filter1': 7}, {'filter2': 5}, {'filter3': 14})}, 'dropout': 0, 'filters': 100, 'learning_rate': 0.001992353114551004, 'optimizer': 'Adam', 'use_batch_norm': False}",1.5633,1.7082,22,0.88,0.8858,0.88,0.8809
"{'conv_layers': {'conv_layers': 1, 'filter_sizes': ({'filter1': 3},)}, 'dropout': 0.1, 'filters': 200, 'learning_rate': 0.0015800266419077292, 'optimizer': 'RMSprop', 'use_batch_norm': False}",1.6289,1.7234,24,0.8842,0.8914,0.8842,0.8842
"{'conv_layers': {'conv_layers': 3, 'filter_sizes': ({'filter1': 4}, {'filter2': 14}, {'filter3': 6})}, 'dropout': 0.05, 'filters': 150, 'learning_rate': 0.002483780633164083, 'optimizer': 'Adam', 'use_batch_norm': False}",1.5623,1.6936,24,0.8632,0.8691,0.8632,0.8641
"{'conv_layers': {'conv_layers': 3, 'filter_sizes': ({'filter1': 4}, {'filter2': 13}, {'filter3': 6})}, 'dropout': 0.05, 'filters': 150, 'learning_rate': 0.0024457761470913237, 'optimizer': 'Adam', 'use_batch_norm': True}",1.7331,1.8368,22,0.7768,0.7064,0.7768,0.7338
"{'conv_layers': {'conv_layers': 3, 'filter_sizes': ({'filter1': 2}, {'filter2': 14}, {'filter3': 4})}, 'dropout': 0.05, 'filters': 150, 'learning_rate': 0.006122053451865137, 'optimizer': 'Adam', 'use_batch_norm': False}",1.8242,1.8795,22,0.7411,0.6047,0.7411,0.6617
"{'conv_layers': {'conv_layers': 3, 'filter_sizes': ({'filter1': 5}, {'filter2': 11}, {'filter3': 7})}, 'dropout': 0.05, 'filters': 150, 'learning_rate': 0.0033275400727292887, 'optimizer': 'Adam', 'use_batch_norm': False}",1.5689,1.6987,19,0.8716,0.8831,0.8716,0.8733
"{'conv_layers': {'conv_layers': 3, 'filter_sizes': ({'filter1': 5}, {'filter2': 11}, {'filter3': 7})}, 'dropout': 0.05, 'filters': 150, 'learning_rate': 0.005054076214721446, 'optimizer': 'RMSprop', 'use_batch_norm': False}",2.4572,2.4512,0,0.0316,0.001,0.0316,0.0019
"{'conv_layers': {'conv_layers': 3, 'filter_sizes': ({'filter1': 4}, {'filter2': 14}, {'filter3': 5})}, 'dropout': 0.05, 'filters': 150, 'learning_rate': 0.0043659228363188895, 'optimizer': 'Adam', 'use_batch_norm': False}",1.5721,1.6936,21,0.8484,0.8506,0.8484,0.8484
"{'conv_layers': {'conv_layers': 3, 'filter_sizes': ({'filter1': 2}, {'filter2': 14}, {'filter3': 5})}, 'dropout': 0.05, 'filters': 150, 'learning_rate': 0.008139821036727578, 'optimizer': 'Adam', 'use_batch_norm': False}",1.9233,1.9852,16,0.6674,0.5162,0.6674,0.5759
"{'conv_layers': {'conv_layers': 3, 'filter_sizes': ({'filter1': 4}, {'filter2': 13}, {'filter3': 2})}, 'dropout': 0.05, 'filters': 150, 'learning_rate': 0.005715493433116139, 'optimizer': 'Adam', 'use_batch_norm': True}",2.3401,2.3522,19,0.3116,0.1273,0.3116,0.1739
"{'conv_layers': {'conv_layers': 3, 'filter_sizes': ({'filter1': 6}, {'filter2': 15}, {'filter3': 5})}, 'dropout': 0.05, 'filters': 150, 'learning_rate': 0.018621794510369025, 'optimizer': 'Adam', 'use_batch_norm': False}",2.3753,2.3678,0,0.1874,0.1362,0.1874,0.145
"{'conv_layers': {'conv_layers': 3, 'filter_sizes': ({'filter1': 2}, {'filter2': 12}, {'filter3': 3})}, 'dropout': 0.05, 'filters': 150, 'learning_rate': 0.0030533502729344288, 'optimizer': 'RMSprop', 'use_batch_norm': False}",2.4482,2.45,7,0.0674,0.0045,0.0674,0.0085
"{'conv_layers': {'conv_layers': 3, 'filter_sizes': ({'filter1': 3}, {'filter2': 13}, {'filter3': 3})}, 'dropout': 0.05, 'filters': 150, 'learning_rate': 0.006468033122222584, 'optimizer': 'Adam', 'use_batch_norm': False}",1.8371,1.913,17,0.5811,0.4871,0.5811,0.5076
"{'conv_layers': {'conv_layers': 3, 'filter_sizes': ({'filter1': 4}, {'filter2': 14}, {'filter3': 6})}, 'dropout': 0.25, 'filters': 150, 'learning_rate': 0.010840990610843357, 'optimizer': 'Adam', 'use_batch_norm': False}",2.0265,2.0568,22,0.5937,0.4332,0.5937,0.4881
"{'conv_layers': {'conv_layers': 3, 'filter_sizes': ({'filter1': 6}, {'filter2': 10}, {'filter3': 1})}, 'dropout': 0.5, 'filters': 150, 'learning_rate': 0.004794800067331687, 'optimizer': 'Adam', 'use_batch_norm': True}",2.102,2.1117,24,0.6084,0.425,0.6084,0.4943
"{'conv_layers': {'conv_layers': 3, 'filter_sizes': ({'filter1': 7}, {'filter2': 15}, {'filter3': 5})}, 'dropout': 0.4, 'filters': 150, 'learning_rate': 0.007160472537869453, 'optimizer': 'Adam', 'use_batch_norm': False}",1.9342,1.9798,20,0.6589,0.5406,0.6589,0.5838
"{'conv_layers': {'conv_layers': 3, 'filter_sizes': ({'filter1': 6}, {'filter2': 9}, {'filter3': 10})}, 'dropout': 0.2, 'filters': 150, 'learning_rate': 0.004320016020229531, 'optimizer': 'RMSprop', 'use_batch_norm': False}",2.4562,2.4498,2,0.1453,0.0211,0.1453,0.0368
"{'conv_layers': {'conv_layers': 3, 'filter_sizes': ({'filter1': 2}, {'filter2': 14}, {'filter3': 12})}, 'dropout': 0.45, 'filters': 150, 'learning_rate': 0.0037455945755364324, 'optimizer': 'Adam', 'use_batch_norm': False}",1.6147,1.7285,18,0.8189,0.8374,0.8189,0.8205
"{'conv_layers': {'conv_layers': 3, 'filter_sizes': ({'filter1': 9}, {'filter2': 11}, {'filter3': 6})}, 'dropout': 0.05, 'filters': 150, 'learning_rate': 0.002757708993069776, 'optimizer': 'Adam', 'use_batch_norm': False}",1.5665,1.6931,18,0.8758,0.8859,0.8758,0.8764
"{'conv_layers': {'conv_layers': 3, 'filter_sizes': ({'filter1': 9}, {'filter2': 11}, {'filter3': 8})}, 'dropout': 0.2, 'filters': 150, 'learning_rate': 0.002734172800331331, 'optimizer': 'Adam', 'use_batch_norm': True}",1.9249,1.9796,21,0.6211,0.4605,0.6211,0.5203
"{'conv_layers': {'conv_layers': 3, 'filter_sizes': ({'filter1': 13}, {'filter2': 12}, {'filter3': 9})}, 'dropout': 0.05, 'filters': 150, 'learning_rate': 0.0020726339015593835, 'optimizer': 'Adam', 'use_batch_norm': False}",1.5699,1.7074,17,0.8842,0.887,0.8842,0.8849
"{'conv_layers': {'conv_layers': 3, 'filter_sizes': ({'filter1': 15}, {'filter2': 7}, {'filter3': 6})}, 'dropout': 0.3, 'filters': 250, 'learning_rate': 0.0018666927225875077, 'optimizer': 'RMSprop', 'use_batch_norm': False}",1.6868,1.7639,23,0.8316,0.848,0.8316,0.8344
"{'conv_layers': {'conv_layers': 3, 'filter_sizes': ({'filter1': 11}, {'filter2': 9}, {'filter3': 12})}, 'dropout': 0.35, 'filters': 100, 'learning_rate': 0.001694268462845463, 'optimizer': 'Adam', 'use_batch_norm': False}",1.5988,1.7218,19,0.8316,0.8481,0.8316,0.834
"{'conv_layers': {'conv_layers': 3, 'filter_sizes': ({'filter1': 8}, {'filter2': 10}, {'filter3': 3})}, 'dropout': 0, 'filters': 150, 'learning_rate': 0.0013441545377699301, 'optimizer': 'Adam', 'use_batch_norm': False}",1.5709,1.7056,22,0.8779,0.8844,0.8779,0.8787
"{'conv_layers': {'conv_layers': 3, 'filter_sizes': ({'filter1': 9}, {'filter2': 8}, {'filter3': 8})}, 'dropout': 0.25, 'filters': 150, 'learning_rate': 0.0026138444196774535, 'optimizer': 'Adam', 'use_batch_norm': True}",2.0066,2.0419,21,0.5537,0.3732,0.5537,0.4394
"{'conv_layers': {'conv_layers': 3, 'filter_sizes': ({'filter1': 12}, {'filter2': 12}, {'filter3': 4})}, 'dropout': 0.2, 'filters': 250, 'learning_rate': 0.00286177493474664, 'optimizer': 'Adam', 'use_batch_norm': False}",1.5713,1.6972,18,0.8463,0.8533,0.8463,0.8469
"{'conv_layers': {'conv_layers': 3, 'filter_sizes': ({'filter1': 14}, {'filter2': 8}, {'filter3': 11})}, 'dropout': 0.5, 'filters': 100, 'learning_rate': 0.0038783821775177025, 'optimizer': 'Adam', 'use_batch_norm': False}",1.6861,1.747,8,0.8337,0.8471,0.8337,0.8343
"{'conv_layers': {'conv_layers': 3, 'filter_sizes': ({'filter1': 10}, {'filter2': 13}, {'filter3': 7})}, 'dropout': 0.05, 'filters': 150, 'learning_rate': 0.003502969390397325, 'optimizer': 'RMSprop', 'use_batch_norm': False}",2.449,2.4497,11,0.2,0.04,0.2,0.0667
"{'conv_layers': {'conv_layers': 3, 'filter_sizes': ({'filter1': 5}, {'filter2': 7}, {'filter3': 10})}, 'dropout': 0.4, 'filters': 150, 'learning_rate': 0.0015427143232904122, 'optimizer': 'Adam', 'use_batch_norm': False}",1.6001,1.7195,22,0.8505,0.8523,0.8505,0.8504
"{'conv_layers': {'conv_layers': 3, 'filter_sizes': ({'filter1': 15}, {'filter2': 11}, {'filter3': 2})}, 'dropout': 0.45, 'filters': 250, 'learning_rate': 0.0011177571848436745, 'optimizer': 'Adam', 'use_batch_norm': True}",2.0258,2.0565,20,0.5474,0.3766,0.5474,0.437
"{'conv_layers': {'conv_layers': 3, 'filter_sizes': ({'filter1': 7}, {'filter2': 10}, {'filter3': 9})}, 'dropout': 0.2, 'filters': 150, 'learning_rate': 0.0030179510359812254, 'optimizer': 'Adam', 'use_batch_norm': False}",1.5819,1.7262,16,0.8758,0.8754,0.8758,0.8747
"{'conv_layers': {'conv_layers': 3, 'filter_sizes': ({'filter1': 3}, {'filter2': 1}, {'filter3': 13})}, 'dropout': 0.05, 'filters': 100, 'learning_rate': 0.002360397176410246, 'optimizer': 'Adam', 'use_batch_norm': False}",1.5713,1.7013,24,0.8379,0.8488,0.8379,0.84
"{'conv_layers': {'conv_layers': 3, 'filter_sizes': ({'filter1': 1}, {'filter2': 15}, {'filter3': 6})}, 'dropout': 0.3, 'filters': 150, 'learning_rate': 0.0018218988194324095, 'optimizer': 'RMSprop', 'use_batch_norm': False}",1.5958,1.7291,21,0.8695,0.875,0.8695,0.8704
"{'conv_layers': {'conv_layers': 3, 'filter_sizes': ({'filter1': 13}, {'filter2': 13}, {'filter3': 14})}, 'dropout': 0, 'filters': 150, 'learning_rate': 0.0020826298416749944, 'optimizer': 'Adam', 'use_batch_norm': False}",1.5614,1.7113,18,0.88,0.8884,0.88,0.88
"{'conv_layers': {'conv_layers': 3, 'filter_sizes': ({'filter1': 11}, {'filter2': 6}, {'filter3': 4})}, 'dropout': 0.35, 'filters': 250, 'learning_rate': 0.01510981702460308, 'optimizer': 'Adam', 'use_batch_norm': False}",2.4447,2.4442,0,0.1305,0.017,0.1305,0.0301
"{'conv_layers': {'conv_layers': 3, 'filter_sizes': ({'filter1': 8}, {'filter2': 11}, {'filter3': 11})}, 'dropout': 0.05, 'filters': 100, 'learning_rate': 0.0013957205361590074, 'optimizer': 'Adam', 'use_batch_norm': True}",1.7327,1.8314,22,0.7495,0.6608,0.7495,0.6974
"{'conv_layers': {'conv_layers': 3, 'filter_sizes': ({'filter1': 9}, {'filter2': 10}, {'filter3': 8})}, 'dropout': 0.2, 'filters': 150, 'learning_rate': 0.005423882103556292, 'optimizer': 'Adam', 'use_batch_norm': False}",1.7494,1.8533,15,0.7768,0.6912,0.7768,0.7303
"{'conv_layers': {'conv_layers': 3, 'filter_sizes': ({'filter1': 10}, {'filter2': 12}, {'filter3': 15})}, 'dropout': 0.25, 'filters': 150, 'learning_rate': 0.003265417344432681, 'optimizer': 'RMSprop', 'use_batch_norm': False}",2.4526,2.4452,2,0.0274,0.0007,0.0274,0.0015
"{'conv_layers': {'conv_layers': 3, 'filter_sizes': ({'filter1': 5}, {'filter2': 9}, {'filter3': 7})}, 'dropout': 0.5, 'filters': 150, 'learning_rate': 0.001258285348930129, 'optimizer': 'Adam', 'use_batch_norm': False}",1.6312,1.7269,19,0.8589,0.8647,0.8589,0.8608
"{'conv_layers': {'conv_layers': 3, 'filter_sizes': ({'filter1': 7}, {'filter2': 4}, {'filter3': 6})}, 'dropout': 0.4, 'filters': 250, 'learning_rate': 0.002563576309745202, 'optimizer': 'Adam', 'use_batch_norm': False}",1.6043,1.7247,17,0.8421,0.8431,0.8421,0.8397
"{'conv_layers': {'conv_layers': 3, 'filter_sizes': ({'filter1': 3}, {'filter2': 3}, {'filter3': 5})}, 'dropout': 0.45, 'filters': 100, 'learning_rate': 0.0016532994601699805, 'optimizer': 'Adam', 'use_batch_norm': True}",1.7971,1.8399,24,0.7453,0.743,0.7453,0.7379
"{'conv_layers': {'conv_layers': 3, 'filter_sizes': ({'filter1': 14}, {'filter2': 2}, {'filter3': 10})}, 'dropout': 0.05, 'filters': 150, 'learning_rate': 0.0010003844124989452, 'optimizer': 'Adam', 'use_batch_norm': False}",1.5726,1.7008,24,0.8547,0.8556,0.8547,0.8546
"{'conv_layers': {'conv_layers': 3, 'filter_sizes': ({'filter1': 12}, {'filter2': 15}, {'filter3': 9})}, 'dropout': 0.2, 'filters': 150, 'learning_rate': 0.0011661235905857006, 'optimizer': 'RMSprop', 'use_batch_norm': False}",1.5743,1.7307,23,0.8695,0.8721,0.8695,0.8696
"{'conv_layers': {'conv_layers': 3, 'filter_sizes': ({'filter1': 6}, {'filter2': 14}, {'filter3': 14})}, 'dropout': 0.05, 'filters': 150, 'learning_rate': 0.013851741786084, 'optimizer': 'Adam', 'use_batch_norm': False}",2.4503,2.4527,0,0.0695,0.0048,0.0695,0.009
"{'conv_layers': {'conv_layers': 3, 'filter_sizes': ({'filter1': 13}, {'filter2': 5}, {'filter3': 3})}, 'dropout': 0.3, 'filters': 100, 'learning_rate': 0.002254555623400397, 'optimizer': 'Adam', 'use_batch_norm': False}",1.5905,1.7151,22,0.8737,0.8792,0.8737,0.8744
"{'conv_layers': {'conv_layers': 3, 'filter_sizes': ({'filter1': 1}, {'filter2': 13}, {'filter3': 7})}, 'dropout': 0.35, 'filters': 250, 'learning_rate': 0.0024285839931710057, 'optimizer': 'Adam', 'use_batch_norm': True}",2.1949,2.2024,7,0.4274,0.2232,0.4274,0.2879
"{'conv_layers': {'conv_layers': 3, 'filter_sizes': ({'filter1': 10}, {'filter2': 11}, {'filter3': 1})}, 'dropout': 0, 'filters': 150, 'learning_rate': 0.004148921447753579, 'optimizer': 'Adam', 'use_batch_norm': False}",1.8229,1.9015,11,0.6421,0.4923,0.6421,0.5483
"{'conv_layers': {'conv_layers': 1, 'filter_sizes': ({'filter1': 14},)}, 'dropout': 0.05, 'filters': 200, 'learning_rate': 0.0014952186666650177, 'optimizer': 'RMSprop', 'use_batch_norm': False}",1.5702,1.7282,23,0.8779,0.8848,0.8779,0.8783
"{'conv_layers': {'conv_layers': 3, 'filter_sizes': ({'filter1': 8}, {'filter2': 8}, {'filter3': 12})}, 'dropout': 0.2, 'filters': 150, 'learning_rate': 0.0019720495526061345, 'optimizer': 'Adam', 'use_batch_norm': False}",1.5759,1.7082,18,0.8442,0.8451,0.8442,0.8413
"{'conv_layers': {'conv_layers': 2, 'filter_sizes': ({'filter1': 9}, {'filter2': 1})}, 'dropout': 0.4, 'filters': 200, 'learning_rate': 0.004757411338375345, 'optimizer': 'Adam', 'use_batch_norm': False}",1.6255,1.7166,21,0.8568,0.8618,0.8568,0.8571
"{'conv_layers': {'conv_layers': 3, 'filter_sizes': ({'filter1': 6}, {'filter2': 6}, {'filter3': 6})}, 'dropout': 0.5, 'filters': 150, 'learning_rate': 0.003084923799536935, 'optimizer': 'Adam', 'use_batch_norm': True}",2.0972,2.1076,24,0.5179,0.3216,0.5179,0.3904
"{'conv_layers': {'conv_layers': 3, 'filter_sizes': ({'filter1': 5}, {'filter2': 12}, {'filter3': 13})}, 'dropout': 0.25, 'filters': 250, 'learning_rate': 0.002747286577206105, 'optimizer': 'Adam', 'use_batch_norm': False}",1.5657,1.7066,24,0.8758,0.8812,0.8758,0.8754
"{'conv_layers': {'conv_layers': 1, 'filter_sizes': ({'filter1': 6},)}, 'dropout': 0.05, 'filters': 100, 'learning_rate': 0.003373115815182421, 'optimizer': 'RMSprop', 'use_batch_norm': False}",1.6098,1.733,22,0.8147,0.8314,0.8147,0.8155
"{'conv_layers': {'conv_layers': 3, 'filter_sizes': ({'filter1': 9}, {'filter2': 9}, {'filter3': 8})}, 'dropout': 0.45, 'filters': 200, 'learning_rate': 0.008240461750064217, 'optimizer': 'Adam', 'use_batch_norm': False}",2.1039,2.0944,24,0.4379,0.235,0.4379,0.3033
"{'conv_layers': {'conv_layers': 2, 'filter_sizes': ({'filter1': 15}, {'filter2': 3})}, 'dropout': 0.15, 'filters': 150, 'learning_rate': 0.001061700304365208, 'optimizer': 'Adam', 'use_batch_norm': False}",1.601,1.7165,18,0.8674,0.8674,0.8674,0.865
"{'conv_layers': {'conv_layers': 3, 'filter_sizes': ({'filter1': 11}, {'filter2': 7}, {'filter3': 5})}, 'dropout': 0.2, 'filters': 150, 'learning_rate': 0.0017935360328156108, 'optimizer': 'Adam', 'use_batch_norm': True}",1.7729,1.8506,17,0.7516,0.6608,0.7516,0.701
"{'conv_layers': {'conv_layers': 3, 'filter_sizes': ({'filter1': 2}, {'filter2': 4}, {'filter3': 2})}, 'dropout': 0.05, 'filters': 200, 'learning_rate': 0.002180070502548467, 'optimizer': 'Adam', 'use_batch_norm': False}",1.5909,1.7008,20,0.8884,0.8922,0.8884,0.8891
"{'conv_layers': {'conv_layers': 3, 'filter_sizes': ({'filter1': 4}, {'filter2': 14}, {'filter3': 4})}, 'dropout': 0.05, 'filters': 150, 'learning_rate': 0.005720667567611038, 'optimizer': 'Adam', 'use_batch_norm': False}",1.6586,1.7684,23,0.8379,0.8099,0.8379,0.8215
"{'conv_layers': {'conv_layers': 3, 'filter_sizes': ({'filter1': 4}, {'filter2': 14}, {'filter3': 5})}, 'dropout': 0.05, 'filters': 150, 'learning_rate': 0.0037717460105117615, 'optimizer': 'Adam', 'use_batch_norm': False}",1.5977,1.6939,9,0.8589,0.871,0.8589,0.8598
"{'conv_layers': {'conv_layers': 3, 'filter_sizes': ({'filter1': 3}, {'filter2': 15}, {'filter3': 6})}, 'dropout': 0.05, 'filters': 150, 'learning_rate': 0.004501343723758354, 'optimizer': 'Adam', 'use_batch_norm': False}",1.5699,1.7059,20,0.8653,0.8711,0.8653,0.8635
"{'conv_layers': {'conv_layers': 3, 'filter_sizes': ({'filter1': 2}, {'filter2': 13}, {'filter3': 4})}, 'dropout': 0.05, 'filters': 150, 'learning_rate': 0.004350578499963365, 'optimizer': 'Adam', 'use_batch_norm': False}",1.5865,1.7021,21,0.8463,0.8496,0.8463,0.843
"{'conv_layers': {'conv_layers': 3, 'filter_sizes': ({'filter1': 1}, {'filter2': 13}, {'filter3': 7})}, 'dropout': 0.05, 'filters': 150, 'learning_rate': 0.005179044803181568, 'optimizer': 'Adam', 'use_batch_norm': False}",1.5809,1.7087,23,0.8421,0.8494,0.8421,0.8428
"{'conv_layers': {'conv_layers': 3, 'filter_sizes': ({'filter1': 5}, {'filter2': 15}, {'filter3': 5})}, 'dropout': 0.05, 'filters': 150, 'learning_rate': 0.00652682515439192, 'optimizer': 'Adam', 'use_batch_norm': False}",1.7493,1.8436,22,0.7453,0.6427,0.7453,0.6863
"{'conv_layers': {'conv_layers': 3, 'filter_sizes': ({'filter1': 4}, {'filter2': 12}, {'filter3': 3})}, 'dropout': 0.05, 'filters': 150, 'learning_rate': 0.009753875928513431, 'optimizer': 'Adam', 'use_batch_norm': False}",2.0078,2.0271,10,0.5621,0.3896,0.5621,0.447
"{'conv_layers': {'conv_layers': 3, 'filter_sizes': ({'filter1': 4}, {'filter2': 14}, {'filter3': 5})}, 'dropout': 0.05, 'filters': 150, 'learning_rate': 0.0028551461925875963, 'optimizer': 'Adam', 'use_batch_norm': False}",1.5657,1.7147,21,0.8947,0.8956,0.8947,0.8926
"{'conv_layers': {'conv_layers': 3, 'filter_sizes': ({'filter1': 6}, {'filter2': 10}, {'filter3': 6})}, 'dropout': 0.35, 'filters': 150, 'learning_rate': 0.004007816610372501, 'optimizer': 'Adam', 'use_batch_norm': False}",1.6414,1.7172,10,0.8568,0.8694,0.8568,0.8598
"{'conv_layers': {'conv_layers': 3, 'filter_sizes': ({'filter1': 3}, {'filter2': 11}, {'filter3': 8})}, 'dropout': 0.3, 'filters': 150, 'learning_rate': 0.0074322772404942, 'optimizer': 'Adam', 'use_batch_norm': False}",1.7458,1.7979,23,0.6505,0.5759,0.6505,0.5984
"{'conv_layers': {'conv_layers': 3, 'filter_sizes': ({'filter1': 7}, {'filter2': 14}, {'filter3': 4})}, 'dropout': 0.2, 'filters': 150, 'learning_rate': 0.017265141394920896, 'optimizer': 'Adam', 'use_batch_norm': False}",2.4489,2.4529,0,0.0337,0.0011,0.0337,0.0022
"{'conv_layers': {'conv_layers': 3, 'filter_sizes': ({'filter1': 2}, {'filter2': 12}, {'filter3': 7})}, 'dropout': 0, 'filters': 150, 'learning_rate': 0.003671445327407151, 'optimizer': 'Adam', 'use_batch_norm': False}",1.562,1.7114,23,0.8863,0.8946,0.8863,0.8867
"{'conv_layers': {'conv_layers': 3, 'filter_sizes': ({'filter1': 5}, {'filter2': 15}, {'filter3': 9})}, 'dropout': 0.05, 'filters': 150, 'learning_rate': 0.0060904344826784055, 'optimizer': 'Adam', 'use_batch_norm': False}",1.8203,1.8967,12,0.6463,0.4788,0.6463,0.545
"{'conv_layers': {'conv_layers': 3, 'filter_sizes': ({'filter1': 7}, {'filter2': 2}, {'filter3': 6})}, 'dropout': 0.25, 'filters': 200, 'learning_rate': 0.0024936000067161627, 'optimizer': 'Adam', 'use_batch_norm': False}",1.577,1.7076,24,0.8463,0.8486,0.8463,0.8467
"{'conv_layers': {'conv_layers': 1, 'filter_sizes': ({'filter1': 3},)}, 'dropout': 0.1, 'filters': 250, 'learning_rate': 0.0019276703641801349, 'optimizer': 'Adam', 'use_batch_norm': False}",1.6325,1.7017,17,0.8695,0.8768,0.8695,0.8709
"{'conv_layers': {'conv_layers': 3, 'filter_sizes': ({'filter1': 15}, {'filter2': 13}, {'filter3': 3})}, 'dropout': 0.4, 'filters': 150, 'learning_rate': 0.003177598346545436, 'optimizer': 'Adam', 'use_batch_norm': False}",1.5949,1.7153,18,0.8168,0.8226,0.8168,0.8173
"{'conv_layers': {'conv_layers': 3, 'filter_sizes': ({'filter1': 3}, {'filter2': 10}, {'filter3': 10})}, 'dropout': 0.5, 'filters': 100, 'learning_rate': 0.00261682674313062, 'optimizer': 'Adam', 'use_batch_norm': False}",1.6346,1.7455,18,0.8168,0.8266,0.8168,0.8193
"{'conv_layers': {'conv_layers': 2, 'filter_sizes': ({'filter1': 7}, {'filter2': 9})}, 'dropout': 0.15, 'filters': 150, 'learning_rate': 0.0015962500412694102, 'optimizer': 'RMSprop', 'use_batch_norm': False}",1.5895,1.7232,20,0.8337,0.8441,0.8337,0.8346
"{'conv_layers': {'conv_layers': 3, 'filter_sizes': ({'filter1': 8}, {'filter2': 11}, {'filter3': 5})}, 'dropout': 0.45, 'filters': 200, 'learning_rate': 0.002114130262214189, 'optimizer': 'Adam', 'use_batch_norm': False}",1.5861,1.7111,23,0.8611,0.8626,0.8611,0.858
"{'conv_layers': {'conv_layers': 3, 'filter_sizes': ({'filter1': 6}, {'filter2': 12}, {'filter3': 7})}, 'dropout': 0.05, 'filters': 150, 'learning_rate': 0.0048286358383462565, 'optimizer': 'Adam', 'use_batch_norm': False}",1.6578,1.7742,18,0.8189,0.8,0.8189,0.8008
"{'conv_layers': {'conv_layers': 3, 'filter_sizes': ({'filter1': 4}, {'filter2': 13}, {'filter3': 4})}, 'dropout': 0.2, 'filters': 150, 'learning_rate': 0.003055587465877783, 'optimizer': 'Adam', 'use_batch_norm': True}",2.024,2.0526,20,0.4295,0.2653,0.4295,0.3149
"{'conv_layers': {'conv_layers': 1, 'filter_sizes': ({'filter1': 13},)}, 'dropout': 0.05, 'filters': 200, 'learning_rate': 0.00236414637980165, 'optimizer': 'Adam', 'use_batch_norm': False}",1.5758,1.7172,17,0.8463,0.8426,0.8463,0.8409
"{'conv_layers': {'conv_layers': 3, 'filter_sizes': ({'filter1': 10}, {'filter2': 15}, {'filter3': 5})}, 'dropout': 0.35, 'filters': 250, 'learning_rate': 0.003496341805042988, 'optimizer': 'RMSprop', 'use_batch_norm': False}",2.4504,2.4483,0,0.0358,0.0013,0.0358,0.0025
"{'conv_layers': {'conv_layers': 2, 'filter_sizes': ({'filter1': 13}, {'filter2': 4})}, 'dropout': 0.3, 'filters': 100, 'learning_rate': 0.0027895486059181596, 'optimizer': 'Adam', 'use_batch_norm': False}",1.5964,1.718,23,0.8463,0.8512,0.8463,0.8469
"{'conv_layers': {'conv_layers': 3, 'filter_sizes': ({'filter1': 14}, {'filter2': 14}, {'filter3': 2})}, 'dropout': 0, 'filters': 150, 'learning_rate': 0.0017593730999048444, 'optimizer': 'Adam', 'use_batch_norm': False}",1.5709,1.7202,16,0.8737,0.8781,0.8737,0.8749
"{'conv_layers': {'conv_layers': 3, 'filter_sizes': ({'filter1': 12}, {'filter2': 9}, {'filter3': 8})}, 'dropout': 0.2, 'filters': 200, 'learning_rate': 0.00411481985363812, 'optimizer': 'Adam', 'use_batch_norm': True}",2.2576,2.2717,20,0.2463,0.0845,0.2463,0.1219
"{'conv_layers': {'conv_layers': 3, 'filter_sizes': ({'filter1': 5}, {'filter2': 8}, {'filter3': 11})}, 'dropout': 0.05, 'filters': 150, 'learning_rate': 0.001342973949560115, 'optimizer': 'Adam', 'use_batch_norm': False}",1.5711,1.699,22,0.8232,0.8355,0.8232,0.8266
"{'conv_layers': {'conv_layers': 1, 'filter_sizes': ({'filter1': 7},)}, 'dropout': 0.1, 'filters': 150, 'learning_rate': 0.005388471772835071, 'optimizer': 'Adam', 'use_batch_norm': False}",1.5874,1.7185,24,0.8484,0.8556,0.8484,0.8496
"{'conv_layers': {'conv_layers': 3, 'filter_sizes': ({'filter1': 13}, {'filter2': 7}, {'filter3': 6})}, 'dropout': 0.5, 'filters': 200, 'learning_rate': 0.008666272376163875, 'optimizer': 'RMSprop', 'use_batch_norm': False}",2.4512,2.4522,0,0.0842,0.0071,0.0842,0.0131
"{'conv_layers': {'conv_layers': 3, 'filter_sizes': ({'filter1': 9}, {'filter2': 14}, {'filter3': 9})}, 'dropout': 0.25, 'filters': 250, 'learning_rate': 0.006850626292773578, 'optimizer': 'Adam', 'use_batch_norm': False}",2.0975,2.1297,17,0.4421,0.3089,0.4421,0.3443
"{'conv_layers': {'conv_layers': 2, 'filter_sizes': ({'filter1': 1}, {'filter2': 7})}, 'dropout': 0.4, 'filters': 150, 'learning_rate': 0.007821147385512428, 'optimizer': 'Adam', 'use_batch_norm': False}",1.6867,1.7423,13,0.8126,0.844,0.8126,0.8187
"{'conv_layers': {'conv_layers': 3, 'filter_sizes': ({'filter1': 1}, {'filter2': 11}, {'filter3': 7})}, 'dropout': 0.05, 'filters': 100, 'learning_rate': 0.002028872053324936, 'optimizer': 'Adam', 'use_batch_norm': True}",1.8248,1.8863,12,0.7074,0.5566,0.7074,0.621
"{'conv_layers': {'conv_layers': 3, 'filter_sizes': ({'filter1': 2}, {'filter2': 12}, {'filter3': 4})}, 'dropout': 0.15, 'filters': 150, 'learning_rate': 0.003358076493067563, 'optimizer': 'Adam', 'use_batch_norm': False}",1.5975,1.7305,24,0.8484,0.8568,0.8484,0.8482
"{'conv_layers': {'conv_layers': 3, 'filter_sizes': ({'filter1': 7}, {'filter2': 10}, {'filter3': 1})}, 'dropout': 0.45, 'filters': 200, 'learning_rate': 0.0014996292606251904, 'optimizer': 'RMSprop', 'use_batch_norm': False}",1.6063,1.7239,23,0.8547,0.8611,0.8547,0.8563
"{'conv_layers': {'conv_layers': 1, 'filter_sizes': ({'filter1': 1},)}, 'dropout': 0.2, 'filters': 150, 'learning_rate': 0.002321294432720163, 'optimizer': 'Adam', 'use_batch_norm': False}",1.7074,1.7503,22,0.8168,0.8268,0.8168,0.8193
"{'conv_layers': {'conv_layers': 3, 'filter_sizes': ({'filter1': 3}, {'filter2': 5}, {'filter3': 6})}, 'dropout': 0.05, 'filters': 150, 'learning_rate': 0.004496592156319663, 'optimizer': 'Adam', 'use_batch_norm': False}",1.5978,1.7015,12,0.8526,0.866,0.8526,0.856
"{'conv_layers': {'conv_layers': 3, 'filter_sizes': ({'filter1': 5}, {'filter2': 9}, {'filter3': 8})}, 'dropout': 0.05, 'filters': 200, 'learning_rate': 0.0016951375671750166, 'optimizer': 'Adam', 'use_batch_norm': True}",2.079,2.1037,14,0.4316,0.206,0.4316,0.2772
"{'conv_layers': {'conv_layers': 2, 'filter_sizes': ({'filter1': 10}, {'filter2': 8})}, 'dropout': 0.3, 'filters': 250, 'learning_rate': 0.002959849968556563, 'optimizer': 'Adam', 'use_batch_norm': False}",1.5809,1.7174,20,0.8568,0.8597,0.8568,0.8554
"{'conv_layers': {'conv_layers': 3, 'filter_sizes': ({'filter1': 8}, {'filter2': 13}, {'filter3': 12})}, 'dropout': 0.35, 'filters': 150, 'learning_rate': 0.0012238892168320277, 'optimizer': 'Adam', 'use_batch_norm': False}",1.5819,1.7211,24,0.8379,0.8425,0.8379,0.8385
"{'conv_layers': {'conv_layers': 3, 'filter_sizes': ({'filter1': 11}, {'filter2': 3}, {'filter3': 3})}, 'dropout': 0, 'filters': 100, 'learning_rate': 0.0019063358904788102, 'optimizer': 'RMSprop', 'use_batch_norm': False}",1.5813,1.7199,23,0.8379,0.8467,0.8379,0.8397
"{'conv_layers': {'conv_layers': 3, 'filter_sizes': ({'filter1': 6}, {'filter2': 15}, {'filter3': 10})}, 'dropout': 0.2, 'filters': 150, 'learning_rate': 0.0037794425015292192, 'optimizer': 'Adam', 'use_batch_norm': False}",1.6757,1.7603,12,0.7789,0.7541,0.7789,0.7632
"{'conv_layers': {'conv_layers': 1, 'filter_sizes': ({'filter1': 15},)}, 'dropout': 0.05, 'filters': 200, 'learning_rate': 0.002587235864721344, 'optimizer': 'Adam', 'use_batch_norm': False}",1.5787,1.714,14,0.8695,0.8709,0.8695,0.8683
"{'conv_layers': {'conv_layers': 3, 'filter_sizes': ({'filter1': 4}, {'filter2': 1}, {'filter3': 2})}, 'dropout': 0.25, 'filters': 150, 'learning_rate': 0.005014034110070968, 'optimizer': 'Adam', 'use_batch_norm': True}",2.2844,2.2932,13,0.1811,0.045,0.1811,0.0708
"{'conv_layers': {'conv_layers': 3, 'filter_sizes': ({'filter1': 3}, {'filter2': 11}, {'filter3': 7})}, 'dropout': 0.1, 'filters': 150, 'learning_rate': 0.0021949695933520196, 'optimizer': 'Adam', 'use_batch_norm': False}",1.5684,1.7019,23,0.8779,0.8845,0.8779,0.8782
"{'conv_layers': {'conv_layers': 3, 'filter_sizes': ({'filter1': 15}, {'filter2': 12}, {'filter3': 11})}, 'dropout': 0.5, 'filters': 200, 'learning_rate': 0.009015084909641164, 'optimizer': 'Adam', 'use_batch_norm': False}",2.2229,2.2209,19,0.4379,0.2487,0.4379,0.3128
"{'conv_layers': {'conv_layers': 2, 'filter_sizes': ({'filter1': 14}, {'filter2': 11})}, 'dropout': 0.05, 'filters': 250, 'learning_rate': 0.0039980237323070725, 'optimizer': 'RMSprop', 'use_batch_norm': False}",2.4503,2.4476,0,0.1705,0.0291,0.1705,0.0497
"{'conv_layers': {'conv_layers': 3, 'filter_sizes': ({'filter1': 6}, {'filter2': 15}, {'filter3': 15})}, 'dropout': 0.15, 'filters': 150, 'learning_rate': 0.006341598536433843, 'optimizer': 'Adam', 'use_batch_norm': False}",1.7706,1.8447,21,0.7558,0.6794,0.7558,0.7096
"{'conv_layers': {'conv_layers': 3, 'filter_sizes': ({'filter1': 2}, {'filter2': 6}, {'filter3': 6})}, 'dropout': 0.4, 'filters': 100, 'learning_rate': 0.0013943477599143307, 'optimizer': 'Adam', 'use_batch_norm': False}",1.6339,1.7318,23,0.8653,0.871,0.8653,0.8665
"{'conv_layers': {'conv_layers': 1, 'filter_sizes': ({'filter1': 5},)}, 'dropout': 0.45, 'filters': 150, 'learning_rate': 0.002696315153299687, 'optimizer': 'Adam', 'use_batch_norm': True}",1.7759,1.8275,23,0.7158,0.6928,0.7158,0.6959
"{'conv_layers': {'conv_layers': 3, 'filter_sizes': ({'filter1': 1}, {'filter2': 14}, {'filter3': 5})}, 'dropout': 0.2, 'filters': 200, 'learning_rate': 0.005658974032375266, 'optimizer': 'Adam', 'use_batch_norm': False}",1.8495,1.9117,23,0.5979,0.4601,0.5979,0.5076
"{'conv_layers': {'conv_layers': 3, 'filter_sizes': ({'filter1': 14}, {'filter2': 11}, {'filter3': 9})}, 'dropout': 0.05, 'filters': 150, 'learning_rate': 0.003547351719964701, 'optimizer': 'Adam', 'use_batch_norm': False}",1.5823,1.7076,14,0.8505,0.8638,0.8505,0.8535
"{'conv_layers': {'conv_layers': 2, 'filter_sizes': ({'filter1': 11}, {'filter2': 2})}, 'dropout': 0.05, 'filters': 150, 'learning_rate': 0.010641147717458742, 'optimizer': 'Adam', 'use_batch_norm': False}",1.8344,1.8851,19,0.7305,0.6261,0.7305,0.6645
"{'conv_layers': {'conv_layers': 3, 'filter_sizes': ({'filter1': 7}, {'filter2': 13}, {'filter3': 14})}, 'dropout': 0.35, 'filters': 200, 'learning_rate': 0.0031714194244498975, 'optimizer': 'RMSprop', 'use_batch_norm': False}",2.4546,2.4513,0,0.0989,0.0098,0.0989,0.0178
"{'conv_layers': {'conv_layers': 3, 'filter_sizes': ({'filter1': 4}, {'filter2': 10}, {'filter3': 7})}, 'dropout': 0.3, 'filters': 150, 'learning_rate': 0.0024408962404928523, 'optimizer': 'Adam', 'use_batch_norm': False}",1.5796,1.7172,23,0.8526,0.8718,0.8526,0.8588
"{'conv_layers': {'conv_layers': 3, 'filter_sizes': ({'filter1': 11}, {'filter2': 4}, {'filter3': 4})}, 'dropout': 0, 'filters': 250, 'learning_rate': 0.0043576349716962625, 'optimizer': 'Adam', 'use_batch_norm': False}",1.7508,1.84,18,0.7684,0.7249,0.7684,0.738
"{'conv_layers': {'conv_layers': 1, 'filter_sizes': ({'filter1': 11},)}, 'dropout': 0.2, 'filters': 100, 'learning_rate': 0.0020692435295414304, 'optimizer': 'Adam', 'use_batch_norm': True}",1.6775,1.7626,23,0.8084,0.8166,0.8084,0.8091
"{'conv_layers': {'conv_layers': 3, 'filter_sizes': ({'filter1': 5}, {'filter2': 13}, {'filter3': 5})}, 'dropout': 0.05, 'filters': 150, 'learning_rate': 0.002894587939204219, 'optimizer': 'Adam', 'use_batch_norm': False}",1.6295,1.7352,23,0.8337,0.843,0.8337,0.8287
"{'conv_layers': {'conv_layers': 3, 'filter_sizes': ({'filter1': 10}, {'filter2': 15}, {'filter3': 8})}, 'dropout': 0.25, 'filters': 200, 'learning_rate': 0.0016373958468890277, 'optimizer': 'Adam', 'use_batch_norm': False}",1.5677,1.7162,23,0.8758,0.8809,0.8758,0.8766
"{'conv_layers': {'conv_layers': 2, 'filter_sizes': ({'filter1': 4}, {'filter2': 7})}, 'dropout': 0.1, 'filters': 150, 'learning_rate': 0.012120880447387001, 'optimizer': 'RMSprop', 'use_batch_norm': False}",2.452,2.4482,0,0.0779,0.0061,0.0779,0.0113
"{'conv_layers': {'conv_layers': 3, 'filter_sizes': ({'filter1': 12}, {'filter2': 12}, {'filter3': 12})}, 'dropout': 0.05, 'filters': 150, 'learning_rate': 0.004668100080886245, 'optimizer': 'Adam', 'use_batch_norm': False}",1.5828,1.7118,24,0.8232,0.8476,0.8232,0.83
"{'conv_layers': {'conv_layers': 3, 'filter_sizes': ({'filter1': 9}, {'filter2': 8}, {'filter3': 6})}, 'dropout': 0.5, 'filters': 200, 'learning_rate': 0.002274149451066267, 'optimizer': 'Adam', 'use_batch_norm': False}",1.6003,1.724,21,0.8232,0.8386,0.8232,0.8259
"{'conv_layers': {'conv_layers': 3, 'filter_sizes': ({'filter1': 3}, {'filter2': 14}, {'filter3': 9})}, 'dropout': 0.4, 'filters': 150, 'learning_rate': 0.003301115172229614, 'optimizer': 'Adam', 'use_batch_norm': True}",2.0868,2.1119,17,0.4989,0.2888,0.4989,0.3584
"{'conv_layers': {'conv_layers': 1, 'filter_sizes': ({'filter1': 9},)}, 'dropout': 0.45, 'filters': 250, 'learning_rate': 0.0018660215199844158, 'optimizer': 'Adam', 'use_batch_norm': False}",1.6219,1.7313,21,0.8232,0.8352,0.8232,0.8248
"{'conv_layers': {'conv_layers': 3, 'filter_sizes': ({'filter1': 8}, {'filter2': 1}, {'filter3': 4})}, 'dropout': 0.15, 'filters': 100, 'learning_rate': 0.0012706532931614813, 'optimizer': 'Adam', 'use_batch_norm': False}",1.6052,1.7122,24,0.8653,0.8723,0.8653,0.867
"{'conv_layers': {'conv_layers': 3, 'filter_sizes': ({'filter1': 6}, {'filter2': 2}, {'filter3': 5})}, 'dropout': 0.2, 'filters': 150, 'learning_rate': 0.0038140944982271857, 'optimizer': 'RMSprop', 'use_batch_norm': False}",2.451,2.4442,9,0.1389,0.0193,0.1389,0.0339
"{'conv_layers': {'conv_layers': 2, 'filter_sizes': ({'filter1': 13}, {'filter2': 9})}, 'dropout': 0.05, 'filters': 200, 'learning_rate': 0.0015657596519881882, 'optimizer': 'Adam', 'use_batch_norm': False}",1.5785,1.7085,15,0.8463,0.8503,0.8463,0.846
"{'conv_layers': {'conv_layers': 3, 'filter_sizes': ({'filter1': 4}, {'filter2': 9}, {'filter3': 3})}, 'dropout': 0.05, 'filters': 150, 'learning_rate': 0.0014502994910970523, 'optimizer': 'Adam', 'use_batch_norm': False}",1.5824,1.7164,19,0.8632,0.8679,0.8632,0.8634
"{'conv_layers': {'conv_layers': 3, 'filter_sizes': ({'filter1': 2}, {'filter2': 6}, {'filter3': 2})}, 'dropout': 0.3, 'filters': 150, 'learning_rate': 0.0017995004834558844, 'optimizer': 'Adam', 'use_batch_norm': True}",2.0196,2.0302,15,0.6316,0.4561,0.6316,0.5236
"{'conv_layers': {'conv_layers': 3, 'filter_sizes': ({'filter1': 13}, {'filter2': 14}, {'filter3': 13})}, 'dropout': 0.35, 'filters': 200, 'learning_rate': 0.0011484170650330903, 'optimizer': 'Adam', 'use_batch_norm': False}",1.5733,1.7149,23,0.8463,0.8581,0.8463,0.8471
"{'conv_layers': {'conv_layers': 3, 'filter_sizes': ({'filter1': 3}, {'filter2': 13}, {'filter3': 7})}, 'dropout': 0.2, 'filters': 150, 'learning_rate': 0.0010432954958483967, 'optimizer': 'Adam', 'use_batch_norm': False}",1.5869,1.7293,21,0.8737,0.8832,0.8737,0.8755
"{'conv_layers': {'conv_layers': 1, 'filter_sizes': ({'filter1': 3},)}, 'dropout': 0, 'filters': 250, 'learning_rate': 0.00582598200376159, 'optimizer': 'RMSprop', 'use_batch_norm': False}",2.451,2.4451,16,0.2084,0.0434,0.2084,0.0719
"{'conv_layers': {'conv_layers': 3, 'filter_sizes': ({'filter1': 1}, {'filter2': 10}, {'filter3': 8})}, 'dropout': 0.05, 'filters': 100, 'learning_rate': 0.019938588595296368, 'optimizer': 'Adam', 'use_batch_norm': False}",2.3647,2.3752,7,0.2295,0.0636,0.2295,0.0966
"{'conv_layers': {'conv_layers': 2, 'filter_sizes': ({'filter1': 9}, {'filter2': 6})}, 'dropout': 0.25, 'filters': 150, 'learning_rate': 0.0024766258317839244, 'optimizer': 'Adam', 'use_batch_norm': False}",1.5939,1.7168,18,0.8526,0.8676,0.8526,0.8543
"{'conv_layers': {'conv_layers': 3, 'filter_sizes': ({'filter1': 7}, {'filter2': 15}, {'filter3': 6})}, 'dropout': 0.1, 'filters': 200, 'learning_rate': 0.007078130136240702, 'optimizer': 'Adam', 'use_batch_norm': True}",2.3551,2.3789,23,0.1053,0.0121,0.1053,0.0215
"{'conv_layers': {'conv_layers': 3, 'filter_sizes': ({'filter1': 5}, {'filter2': 5}, {'filter3': 10})}, 'dropout': 0.5, 'filters': 150, 'learning_rate': 0.002701459479747136, 'optimizer': 'Adam', 'use_batch_norm': False}",1.6135,1.7364,22,0.8442,0.8501,0.8442,0.8454
"{'conv_layers': {'conv_layers': 3, 'filter_sizes': ({'filter1': 4}, {'filter2': 7}, {'filter3': 5})}, 'dropout': 0.05, 'filters': 150, 'learning_rate': 0.0051675425509486615, 'optimizer': 'Adam', 'use_batch_norm': False}",1.8279,1.899,20,0.6905,0.5471,0.6905,0.6064
"{'conv_layers': {'conv_layers': 3, 'filter_sizes': ({'filter1': 9}, {'filter2': 12}, {'filter3': 3})}, 'dropout': 0.4, 'filters': 200, 'learning_rate': 0.001985363759058324, 'optimizer': 'RMSprop', 'use_batch_norm': False}",1.5984,1.7169,23,0.8295,0.8515,0.8295,0.8293
"{'conv_layers': {'conv_layers': 1, 'filter_sizes': ({'filter1': 14},)}, 'dropout': 0.15, 'filters': 150, 'learning_rate': 0.002966578832631317, 'optimizer': 'Adam', 'use_batch_norm': False}",1.59,1.7259,17,0.8253,0.832,0.8253,0.8256
"{'conv_layers': {'conv_layers': 3, 'filter_sizes': ({'filter1': 15}, {'filter2': 11}, {'filter3': 6})}, 'dropout': 0.45, 'filters': 100, 'learning_rate': 0.003614958485439727, 'optimizer': 'Adam', 'use_batch_norm': False}",1.6115,1.7393,22,0.8442,0.8491,0.8442,0.8451
"{'conv_layers': {'conv_layers': 2, 'filter_sizes': ({'filter1': 2}, {'filter2': 2})}, 'dropout': 0.2, 'filters': 250, 'learning_rate': 0.002180046555857224, 'optimizer': 'Adam', 'use_batch_norm': True}",2.0905,2.1054,24,0.5074,0.3152,0.5074,0.3797
"{'conv_layers': {'conv_layers': 3, 'filter_sizes': ({'filter1': 12}, {'filter2': 13}, {'filter3': 7})}, 'dropout': 0.05, 'filters': 150, 'learning_rate': 0.004273599891301111, 'optimizer': 'Adam', 'use_batch_norm': False}",1.5788,1.7153,21,0.8568,0.8571,0.8568,0.8555
"{'conv_layers': {'conv_layers': 3, 'filter_sizes': ({'filter1': 10}, {'filter2': 14}, {'filter3': 4})}, 'dropout': 0.05, 'filters': 200, 'learning_rate': 0.0016800492910560903, 'optimizer': 'Adam', 'use_batch_norm': False}",1.5668,1.7168,19,0.8926,0.893,0.8926,0.8919
"{'conv_layers': {'conv_layers': 3, 'filter_sizes': ({'filter1': 5}, {'filter2': 11}, {'filter3': 1})}, 'dropout': 0.3, 'filters': 150, 'learning_rate': 0.007744889387608388, 'optimizer': 'RMSprop', 'use_batch_norm': False}",2.4534,2.4472,8,0.0484,0.0023,0.0484,0.0045
"{'conv_layers': {'conv_layers': 3, 'filter_sizes': ({'filter1': 8}, {'filter2': 12}, {'filter3': 13})}, 'dropout': 0.2, 'filters': 150, 'learning_rate': 0.003170566379047829, 'optimizer': 'Adam', 'use_batch_norm': False}",1.5734,1.7008,21,0.8168,0.8326,0.8168,0.8201
"{'conv_layers': {'conv_layers': 1, 'filter_sizes': ({'filter1': 7},)}, 'dropout': 0.35, 'filters': 200, 'learning_rate': 0.0033592944797561333, 'optimizer': 'Adam', 'use_batch_norm': False}",1.6226,1.7324,17,0.8463,0.855,0.8463,0.8481
"{'conv_layers': {'conv_layers': 3, 'filter_sizes': ({'filter1': 6}, {'filter2': 10}, {'filter3': 14})}, 'dropout': 0, 'filters': 150, 'learning_rate': 0.00256831748444047, 'optimizer': 'Adam', 'use_batch_norm': True}",2.0763,2.0908,7,0.6126,0.4141,0.6126,0.4872
"{'conv_layers': {'conv_layers': 2, 'filter_sizes': ({'filter1': 11}, {'filter2': 4})}, 'dropout': 0.05, 'filters': 250, 'learning_rate': 0.0046863609840168095, 'optimizer': 'Adam', 'use_batch_norm': False}",1.5943,1.7109,16,0.8695,0.8774,0.8695,0.8709
"{'conv_layers': {'conv_layers': 3, 'filter_sizes': ({'filter1': 2}, {'filter2': 3}, {'filter3': 9})}, 'dropout': 0.25, 'filters': 100, 'learning_rate': 0.0062453446225765085, 'optimizer': 'Adam', 'use_batch_norm': False}",1.6135,1.7127,24,0.8042,0.8124,0.8042,0.8069
"{'conv_layers': {'conv_layers': 3, 'filter_sizes': ({'filter1': 7}, {'filter2': 9}, {'filter3': 15})}, 'dropout': 0.1, 'filters': 150, 'learning_rate': 0.0023703664506752238, 'optimizer': 'RMSprop', 'use_batch_norm': False}",2.4513,2.4469,21,0.1242,0.0154,0.1242,0.0274
"{'conv_layers': {'conv_layers': 3, 'filter_sizes': ({'filter1': 11}, {'filter2': 8}, {'filter3': 5})}, 'dropout': 0.05, 'filters': 200, 'learning_rate': 0.002060726986431806, 'optimizer': 'Adam', 'use_batch_norm': False}",1.5681,1.6986,17,0.8463,0.8635,0.8463,0.8503
"{'conv_layers': {'conv_layers': 3, 'filter_sizes': ({'filter1': 4}, {'filter2': 14}, {'filter3': 8})}, 'dropout': 0.5, 'filters': 150, 'learning_rate': 0.003942269525144997, 'optimizer': 'Adam', 'use_batch_norm': False}",1.6246,1.7357,21,0.8295,0.8329,0.8295,0.83
"{'conv_layers': {'conv_layers': 1, 'filter_sizes': ({'filter1': 5},)}, 'dropout': 0.4, 'filters': 150, 'learning_rate': 0.002804787224125466, 'optimizer': 'Adam', 'use_batch_norm': True}",1.8216,1.8606,23,0.7684,0.7337,0.7684,0.7465
"{'conv_layers': {'conv_layers': 3, 'filter_sizes': ({'filter1': 3}, {'filter2': 15}, {'filter3': 7})}, 'dropout': 0.15, 'filters': 200, 'learning_rate': 0.0017745919823752747, 'optimizer': 'Adam', 'use_batch_norm': False}",1.5714,1.7129,19,0.8737,0.8755,0.8737,0.8741
"{'conv_layers': {'conv_layers': 2, 'filter_sizes': ({'filter1': 7}, {'filter2': 12})}, 'dropout': 0.05, 'filters': 150, 'learning_rate': 0.003470722601422521, 'optimizer': 'Adam', 'use_batch_norm': False}",1.5787,1.7168,13,0.8337,0.8474,0.8337,0.8367
"{'conv_layers': {'conv_layers': 3, 'filter_sizes': ({'filter1': 14}, {'filter2': 13}, {'filter3': 11})}, 'dropout': 0.45, 'filters': 250, 'learning_rate': 0.0013572846688613919, 'optimizer': 'RMSprop', 'use_batch_norm': False}",1.7798,1.8067,24,0.7705,0.7986,0.7705,0.7636
"{'conv_layers': {'conv_layers': 3, 'filter_sizes': ({'filter1': 1}, {'filter2': 4}, {'filter3': 5})}, 'dropout': 0.2, 'filters': 100, 'learning_rate': 0.0030436447876985018, 'optimizer': 'Adam', 'use_batch_norm': False}",1.6063,1.7046,20,0.8611,0.8634,0.8611,0.8606
"{'conv_layers': {'conv_layers': 3, 'filter_sizes': ({'filter1': 13}, {'filter2': 12}, {'filter3': 4})}, 'dropout': 0.05, 'filters': 150, 'learning_rate': 0.001918566651591829, 'optimizer': 'Adam', 'use_batch_norm': False}",1.5629,1.7077,24,0.8737,0.8756,0.8737,0.8729
"{'conv_layers': {'conv_layers': 3, 'filter_sizes': ({'filter1': 6}, {'filter2': 7}, {'filter3': 3})}, 'dropout': 0.35, 'filters': 200, 'learning_rate': 0.004979299764988248, 'optimizer': 'Adam', 'use_batch_norm': True}",2.4504,2.4463,1,0.0253,0.0006,0.0253,0.0012
"{'conv_layers': {'conv_layers': 1, 'filter_sizes': ({'filter1': 11},)}, 'dropout': 0.3, 'filters': 150, 'learning_rate': 0.00546316372036412, 'optimizer': 'Adam', 'use_batch_norm': False}",1.6179,1.7395,22,0.8189,0.8431,0.8189,0.8248
"{'conv_layers': {'conv_layers': 3, 'filter_sizes': ({'filter1': 9}, {'filter2': 13}, {'filter3': 7})}, 'dropout': 0.05, 'filters': 150, 'learning_rate': 0.0015089664940374887, 'optimizer': 'Adam', 'use_batch_norm': False}",1.569,1.7077,21,0.8716,0.8758,0.8716,0.8705
"{'conv_layers': {'conv_layers': 2, 'filter_sizes': ({'filter1': 4}, {'filter2': 11})}, 'dropout': 0.2, 'filters': 200, 'learning_rate': 0.002198531789916663, 'optimizer': 'RMSprop', 'use_batch_norm': False}",1.782,1.8603,24,0.6653,0.574,0.6653,0.6048
"{'conv_layers': {'conv_layers': 3, 'filter_sizes': ({'filter1': 5}, {'filter2': 15}, {'filter3': 6})}, 'dropout': 0, 'filters': 150, 'learning_rate': 0.0012021487486861004, 'optimizer': 'Adam', 'use_batch_norm': False}",1.5654,1.7081,23,0.8758,0.8778,0.8758,0.8748
"{'conv_layers': {'conv_layers': 3, 'filter_sizes': ({'filter1': 8}, {'filter2': 11}, {'filter3': 9})}, 'dropout': 0.25, 'filters': 250, 'learning_rate': 0.01633425888878401, 'optimizer': 'Adam', 'use_batch_norm': False}",2.4473,2.4551,0,0.0926,0.0086,0.0926,0.0157
"{'conv_layers': {'conv_layers': 3, 'filter_sizes': ({'filter1': 2}, {'filter2': 14}, {'filter3': 14})}, 'dropout': 0.1, 'filters': 150, 'learning_rate': 0.0026634130661256587, 'optimizer': 'Adam', 'use_batch_norm': True}",2.0754,2.1202,15,0.4589,0.2737,0.4589,0.3298
"{'conv_layers': {'conv_layers': 3, 'filter_sizes': ({'filter1': 7}, {'filter2': 8}, {'filter3': 2})}, 'dropout': 0.05, 'filters': 100, 'learning_rate': 0.004102727173821785, 'optimizer': 'Adam', 'use_batch_norm': False}",1.5736,1.7202,22,0.8674,0.8723,0.8674,0.8677
"{'conv_layers': {'conv_layers': 1, 'filter_sizes': ({'filter1': 13},)}, 'dropout': 0.5, 'filters': 200, 'learning_rate': 0.002370684062724889, 'optimizer': 'Adam', 'use_batch_norm': False}",1.6289,1.7534,21,0.7979,0.8052,0.7979,0.7975
"{'conv_layers': {'conv_layers': 3, 'filter_sizes': ({'filter1': 10}, {'filter2': 10}, {'filter3': 10})}, 'dropout': 0.4, 'filters': 150, 'learning_rate': 0.001639440648579544, 'optimizer': 'RMSprop', 'use_batch_norm': False}",1.5906,1.7345,23,0.8632,0.8639,0.8632,0.8609
"{'conv_layers': {'conv_layers': 2, 'filter_sizes': ({'filter1': 14}, {'filter2': 6})}, 'dropout': 0.45, 'filters': 150, 'learning_rate': 0.009337414754050274, 'optimizer': 'Adam', 'use_batch_norm': False}",1.759,1.8327,19,0.7726,0.7698,0.7726,0.7617
"{'conv_layers': {'conv_layers': 3, 'filter_sizes': ({'filter1': 12}, {'filter2': 12}, {'filter3': 8})}, 'dropout': 0.15, 'filters': 200, 'learning_rate': 0.004398623760878812, 'optimizer': 'Adam', 'use_batch_norm': False}",1.5812,1.6955,15,0.84,0.8485,0.84,0.8416
"{'conv_layers': {'conv_layers': 3, 'filter_sizes': ({'filter1': 3}, {'filter2': 15}, {'filter3': 6})}, 'dropout': 0.05, 'filters': 150, 'learning_rate': 0.0010046634068591404, 'optimizer': 'Adam', 'use_batch_norm': True}",1.6676,1.7653,24,0.8211,0.7657,0.8211,0.7896
"{'conv_layers': {'conv_layers': 3, 'filter_sizes': ({'filter1': 6}, {'filter2': 13}, {'filter3': 12})}, 'dropout': 0.2, 'filters': 250, 'learning_rate': 0.00367669715317531, 'optimizer': 'Adam', 'use_batch_norm': False}",1.6337,1.7747,23,0.8232,0.8666,0.8232,0.8311
"{'conv_layers': {'conv_layers': 3, 'filter_sizes': ({'filter1': 4}, {'filter2': 9}, {'filter3': 4})}, 'dropout': 0.05, 'filters': 150, 'learning_rate': 0.001310889803230354, 'optimizer': 'Adam', 'use_batch_norm': False}",1.5728,1.7047,24,0.8695,0.8731,0.8695,0.87
"{'conv_layers': {'conv_layers': 3, 'filter_sizes': ({'filter1': 4}, {'filter2': 14}, {'filter3': 5})}, 'dropout': 0.05, 'filters': 150, 'learning_rate': 0.003769776434275792, 'optimizer': 'Adam', 'use_batch_norm': False}",1.5775,1.7099,15,0.8589,0.8622,0.8589,0.8582
"{'conv_layers': {'conv_layers': 3, 'filter_sizes': ({'filter1': 5}, {'filter2': 14}, {'filter3': 5})}, 'dropout': 0.05, 'filters': 150, 'learning_rate': 0.0032520623381634773, 'optimizer': 'Adam', 'use_batch_norm': False}",1.5737,1.7022,15,0.8611,0.8658,0.8611,0.8614
"{'conv_layers': {'conv_layers': 3, 'filter_sizes': ({'filter1': 3}, {'filter2': 15}, {'filter3': 4})}, 'dropout': 0.05, 'filters': 150, 'learning_rate': 0.0028168159497285795, 'optimizer': 'Adam', 'use_batch_norm': False}",1.5646,1.6833,22,0.8484,0.8587,0.8484,0.8417
"{'conv_layers': {'conv_layers': 3, 'filter_sizes': ({'filter1': 3}, {'filter2': 15}, {'filter3': 4})}, 'dropout': 0.05, 'filters': 150, 'learning_rate': 0.0028008457375369613, 'optimizer': 'Adam', 'use_batch_norm': False}",1.5772,1.6943,16,0.8589,0.8607,0.8589,0.8582
"{'conv_layers': {'conv_layers': 3, 'filter_sizes': ({'filter1': 1}, {'filter2': 15}, {'filter3': 3})}, 'dropout': 0.05, 'filters': 150, 'learning_rate': 0.0025020853209099785, 'optimizer': 'Adam', 'use_batch_norm': False}",1.6514,1.7754,19,0.8442,0.8042,0.8442,0.8205
"{'conv_layers': {'conv_layers': 3, 'filter_sizes': ({'filter1': 2}, {'filter2': 15}, {'filter3': 6})}, 'dropout': 0.05, 'filters': 150, 'learning_rate': 0.0020651607937298313, 'optimizer': 'Adam', 'use_batch_norm': False}",1.5636,1.7113,24,0.8653,0.8685,0.8653,0.8651
"{'conv_layers': {'conv_layers': 3, 'filter_sizes': ({'filter1': 2}, {'filter2': 13}, {'filter3': 3})}, 'dropout': 0.05, 'filters': 150, 'learning_rate': 0.003140690875438715, 'optimizer': 'Adam', 'use_batch_norm': False}",1.5754,1.7031,17,0.8611,0.8622,0.8611,0.8586
"{'conv_layers': {'conv_layers': 3, 'filter_sizes': ({'filter1': 3}, {'filter2': 14}, {'filter3': 5})}, 'dropout': 0.05, 'filters': 150, 'learning_rate': 0.0028463649224789284, 'optimizer': 'Adam', 'use_batch_norm': False}",1.5666,1.6929,21,0.8589,0.8638,0.8589,0.8604
"{'conv_layers': {'conv_layers': 3, 'filter_sizes': ({'filter1': 3}, {'filter2': 14}, {'filter3': 4})}, 'dropout': 0.05, 'filters': 150, 'learning_rate': 0.002200814110937618, 'optimizer': 'Adam', 'use_batch_norm': False}",1.5727,1.7044,17,0.8463,0.8558,0.8463,0.8471
"{'conv_layers': {'conv_layers': 3, 'filter_sizes': ({'filter1': 2}, {'filter2': 12}, {'filter3': 5})}, 'dropout': 0.05, 'filters': 150, 'learning_rate': 0.0019226037723726473, 'optimizer': 'Adam', 'use_batch_norm': False}",1.5698,1.6935,21,0.8589,0.8613,0.8589,0.8577
"{'conv_layers': {'conv_layers': 3, 'filter_sizes': ({'filter1': 1}, {'filter2': 11}, {'filter3': 1})}, 'dropout': 0.05, 'filters': 150, 'learning_rate': 0.0017773383483831436, 'optimizer': 'Adam', 'use_batch_norm': False}",1.57,1.7212,24,0.8568,0.8605,0.8568,0.857
"{'conv_layers': {'conv_layers': 3, 'filter_sizes': ({'filter1': 1}, {'filter2': 12}, {'filter3': 4})}, 'dropout': 0.05, 'filters': 150, 'learning_rate': 0.0015907612258533258, 'optimizer': 'Adam', 'use_batch_norm': False}",1.5828,1.6922,18,0.8674,0.8705,0.8674,0.8675
"{'conv_layers': {'conv_layers': 3, 'filter_sizes': ({'filter1': 1}, {'filter2': 13}, {'filter3': 3})}, 'dropout': 0.35, 'filters': 150, 'learning_rate': 0.001555994450925684, 'optimizer': 'Adam', 'use_batch_norm': False}",1.6089,1.727,19,0.8421,0.8495,0.8421,0.8428
"{'conv_layers': {'conv_layers': 3, 'filter_sizes': ({'filter1': 1}, {'filter2': 12}, {'filter3': 2})}, 'dropout': 0.3, 'filters': 150, 'learning_rate': 0.0010782653492367714, 'optimizer': 'Adam', 'use_batch_norm': False}",1.6088,1.7253,22,0.8505,0.8597,0.8505,0.8528
"{'conv_layers': {'conv_layers': 3, 'filter_sizes': ({'filter1': 1}, {'filter2': 10}, {'filter3': 2})}, 'dropout': 0.2, 'filters': 150, 'learning_rate': 0.0014810761183560552, 'optimizer': 'Adam', 'use_batch_norm': False}",1.5921,1.7132,23,0.8737,0.8773,0.8737,0.8745
"{'conv_layers': {'conv_layers': 3, 'filter_sizes': ({'filter1': 2}, {'filter2': 11}, {'filter3': 4})}, 'dropout': 0, 'filters': 150, 'learning_rate': 0.0022863116530768865, 'optimizer': 'Adam', 'use_batch_norm': False}",1.5659,1.6941,22,0.8379,0.8487,0.8379,0.8407
"{'conv_layers': {'conv_layers': 3, 'filter_sizes': ({'filter1': 3}, {'filter2': 13}, {'filter3': 4})}, 'dropout': 0.05, 'filters': 150, 'learning_rate': 0.001416086903720528, 'optimizer': 'Adam', 'use_batch_norm': False}",1.5877,1.7172,16,0.8547,0.8576,0.8547,0.8528
"{'conv_layers': {'conv_layers': 3, 'filter_sizes': ({'filter1': 2}, {'filter2': 12}, {'filter3': 3})}, 'dropout': 0.1, 'filters': 150, 'learning_rate': 0.0019929056908212345, 'optimizer': 'Adam', 'use_batch_norm': False}",1.579,1.7153,19,0.8737,0.8785,0.8737,0.8733
"{'conv_layers': {'conv_layers': 3, 'filter_sizes': ({'filter1': 1}, {'filter2': 14}, {'filter3': 2})}, 'dropout': 0.05, 'filters': 100, 'learning_rate': 0.001121452119740134, 'optimizer': 'Adam', 'use_batch_norm': False}",1.583,1.7226,24,0.9032,0.9052,0.9032,0.9028
"{'conv_layers': {'conv_layers': 3, 'filter_sizes': ({'filter1': 2}, {'filter2': 10}, {'filter3': 1})}, 'dropout': 0.25, 'filters': 150, 'learning_rate': 0.0018158831528656421, 'optimizer': 'Adam', 'use_batch_norm': False}",1.6179,1.7111,16,0.8568,0.8645,0.8568,0.8576
"{'conv_layers': {'conv_layers': 3, 'filter_sizes': ({'filter1': 3}, {'filter2': 12}, {'filter3': 3})}, 'dropout': 0.5, 'filters': 200, 'learning_rate': 0.001289092117292706, 'optimizer': 'Adam', 'use_batch_norm': False}",1.6163,1.72,21,0.8632,0.8772,0.8632,0.8675
"{'conv_layers': {'conv_layers': 1, 'filter_sizes': ({'filter1': 10},)}, 'dropout': 0.4, 'filters': 150, 'learning_rate': 0.0016516445875725378, 'optimizer': 'Adam', 'use_batch_norm': False}",1.6311,1.7484,23,0.7895,0.8038,0.7895,0.7937
"{'conv_layers': {'conv_layers': 3, 'filter_sizes': ({'filter1': 1}, {'filter2': 11}, {'filter3': 6})}, 'dropout': 0.15, 'filters': 150, 'learning_rate': 0.0017186016024497916, 'optimizer': 'Adam', 'use_batch_norm': False}",1.5739,1.7222,23,0.88,0.8796,0.88,0.8782
"{'conv_layers': {'conv_layers': 3, 'filter_sizes': ({'filter1': 1}, {'filter2': 1}, {'filter3': 4})}, 'dropout': 0.05, 'filters': 200, 'learning_rate': 0.002938727693010613, 'optimizer': 'Adam', 'use_batch_norm': False}",1.5845,1.681,21,0.8589,0.869,0.8589,0.8608
"{'conv_layers': {'conv_layers': 2, 'filter_sizes': ({'filter1': 6}, {'filter2': 4})}, 'dropout': 0.2, 'filters': 200, 'learning_rate': 0.0030022614335968455, 'optimizer': 'Adam', 'use_batch_norm': False}",1.5905,1.7048,19,0.8589,0.8638,0.8589,0.8599
"{'conv_layers': {'conv_layers': 3, 'filter_sizes': ({'filter1': 1}, {'filter2': 1}, {'filter3': 1})}, 'dropout': 0.45, 'filters': 200, 'learning_rate': 0.002636013223193594, 'optimizer': 'RMSprop', 'use_batch_norm': False}",1.8262,1.8615,24,0.5958,0.4717,0.5958,0.5167
"{'conv_layers': {'conv_layers': 3, 'filter_sizes': ({'filter1': 2}, {'filter2': 2}, {'filter3': 3})}, 'dropout': 0.05, 'filters': 200, 'learning_rate': 0.0028591912516592, 'optimizer': 'Adam', 'use_batch_norm': False}",1.7371,1.8222,23,0.7705,0.6742,0.7705,0.7147
"{'conv_layers': {'conv_layers': 3, 'filter_sizes': ({'filter1': 2}, {'filter2': 3}, {'filter3': 2})}, 'dropout': 0.05, 'filters': 200, 'learning_rate': 0.002406376340305703, 'optimizer': 'Adam', 'use_batch_norm': False}",1.6641,1.7633,21,0.8168,0.7737,0.8168,0.7921
"{'conv_layers': {'conv_layers': 3, 'filter_sizes': ({'filter1': 1}, {'filter2': 2}, {'filter3': 2})}, 'dropout': 0.3, 'filters': 200, 'learning_rate': 0.0018683769344771224, 'optimizer': 'Adam', 'use_batch_norm': True}",2.0872,2.106,23,0.5768,0.3703,0.5768,0.4449
"{'conv_layers': {'conv_layers': 1, 'filter_sizes': ({'filter1': 1},)}, 'dropout': 0.35, 'filters': 200, 'learning_rate': 0.001216659849726057, 'optimizer': 'Adam', 'use_batch_norm': False}",1.741,1.7734,23,0.7979,0.8113,0.7979,0.801
"{'conv_layers': {'conv_layers': 3, 'filter_sizes': ({'filter1': 3}, {'filter2': 1}, {'filter3': 4})}, 'dropout': 0.2, 'filters': 200, 'learning_rate': 0.0035064942339817647, 'optimizer': 'Adam', 'use_batch_norm': False}",1.6783,1.7635,16,0.8105,0.7691,0.8105,0.7851
"{'conv_layers': {'conv_layers': 3, 'filter_sizes': ({'filter1': 2}, {'filter2': 2}, {'filter3': 1})}, 'dropout': 0.05, 'filters': 200, 'learning_rate': 0.001389106079289843, 'optimizer': 'Adam', 'use_batch_norm': False}",1.6181,1.6971,23,0.8568,0.8629,0.8568,0.8583
"{'conv_layers': {'conv_layers': 2, 'filter_sizes': ({'filter1': 3}, {'filter2': 1})}, 'dropout': 0, 'filters': 200, 'learning_rate': 0.0021230047527871334, 'optimizer': 'RMSprop', 'use_batch_norm': False}",1.6059,1.7005,19,0.8737,0.8728,0.8737,0.8723
"{'conv_layers': {'conv_layers': 3, 'filter_sizes': ({'filter1': 1}, {'filter2': 1}, {'filter3': 3})}, 'dropout': 0.1, 'filters': 200, 'learning_rate': 0.002562248378994304, 'optimizer': 'Adam', 'use_batch_norm': False}",1.6078,1.6999,19,0.8421,0.8607,0.8421,0.8466
"{'conv_layers': {'conv_layers': 3, 'filter_sizes': ({'filter1': 3}, {'filter2': 1}, {'filter3': 4})}, 'dropout': 0.05, 'filters': 200, 'learning_rate': 0.0015907149873624568, 'optimizer': 'Adam', 'use_batch_norm': False}",1.5898,1.712,23,0.8842,0.8876,0.8842,0.8831
"{'conv_layers': {'conv_layers': 3, 'filter_sizes': ({'filter1': 2}, {'filter2': 4}, {'filter3': 5})}, 'dropout': 0.25, 'filters': 200, 'learning_rate': 0.0023455825020781847, 'optimizer': 'Adam', 'use_batch_norm': True}",2.1769,2.204,23,0.1853,0.0434,0.1853,0.0692
"{'conv_layers': {'conv_layers': 3, 'filter_sizes': ({'filter1': 1}, {'filter2': 3}, {'filter3': 4})}, 'dropout': 0.5, 'filters': 200, 'learning_rate': 0.0033828880207603758, 'optimizer': 'Adam', 'use_batch_norm': False}",1.634,1.7184,24,0.8737,0.8827,0.8737,0.8754
"{'conv_layers': {'conv_layers': 3, 'filter_sizes': ({'filter1': 4}, {'filter2': 3}, {'filter3': 2})}, 'dropout': 0.05, 'filters': 200, 'learning_rate': 0.001960330982335867, 'optimizer': 'Adam', 'use_batch_norm': False}",1.598,1.7025,17,0.8379,0.8471,0.8379,0.8395
"{'conv_layers': {'conv_layers': 1, 'filter_sizes': ({'filter1': 2},)}, 'dropout': 0.4, 'filters': 200, 'learning_rate': 0.0021315692145328895, 'optimizer': 'RMSprop', 'use_batch_norm': False}",1.698,1.7541,17,0.8189,0.8345,0.8189,0.8214
"{'conv_layers': {'conv_layers': 2, 'filter_sizes': ({'filter1': 12}, {'filter2': 12})}, 'dropout': 0.15, 'filters': 200, 'learning_rate': 0.0029855784229774807, 'optimizer': 'Adam', 'use_batch_norm': False}",1.5668,1.7056,20,0.84,0.8461,0.84,0.8395
"{'conv_layers': {'conv_layers': 3, 'filter_sizes': ({'filter1': 3}, {'filter2': 2}, {'filter3': 3})}, 'dropout': 0.2, 'filters': 200, 'learning_rate': 0.001511366162763994, 'optimizer': 'Adam', 'use_batch_norm': False}",1.6248,1.6965,18,0.8568,0.8646,0.8568,0.858
"{'conv_layers': {'conv_layers': 3, 'filter_sizes': ({'filter1': 2}, {'filter2': 5}, {'filter3': 5})}, 'dropout': 0.45, 'filters': 200, 'learning_rate': 0.0010127308273751216, 'optimizer': 'Adam', 'use_batch_norm': False}",1.6555,1.7161,17,0.8358,0.8434,0.8358,0.8351
"{'conv_layers': {'conv_layers': 3, 'filter_sizes': ({'filter1': 4}, {'filter2': 2}, {'filter3': 5})}, 'dropout': 0.05, 'filters': 250, 'learning_rate': 0.0027007923262786044, 'optimizer': 'Adam', 'use_batch_norm': True}",2.3365,2.3396,14,0.2611,0.084,0.2611,0.1225
